Ska Cubano,!Ay Caramba!
Officer,1
Perfect Gentlemen,1
Wicked Rebel,1
Mellow Mood - feat!PRD G!PRD Love,1
Bandelero,1
20 Excuses,1
Moonshine,1
Beaches,1
Ex-Girlfriend,1
Get out da Way,1
Breakfast on a Mirror,1
The Pit (feat!PRD Kyle Mcdonald),1
Be Alright,1
Smoke `em (feat!PRD Kris Bentley),1
Crippy Weed,1
Overdose,1
Attention Span,1
On My Mind,1
More Than Ever,1
From the Window,1
Lazy Afternoon,1
Sinsemillia,1
New Ska,1
30 Second Bust,1
Down Down Down,1
Ganja Smugglin`,1
Positive Mind (Acoustic),1
Let Loose (Acoustic),1
24!FSL7 (Acoustic),1
Paper Chains (Acoustic),1
Get Ready - Acoustic,1
Say Hello - Original Mix,1
Set Sail - Original Mix,1
Ocho Rios - Original Mix,1
Hola,1
Cold Outside,1
Scary,1
Livest Shit,1
Purpose,1
The Connection,1
Rasta!CMA Refuse It - Original,1
The Garden,1
Tribal Seeds - Original,1
Warning - Feat!PRD Sonny Sandoval,1
Herby,1
Come Around - Feat!PRD Whiteboy John,1
Libertad - Feat!PRD Dready,1
Vampire - Feat!PRD Whiteboy John,1
Stone Love,1
Stormtrooper,1
Ho`s,1
Give It Up,1
Sitting On The Curb,1
Rent,1
No Control,1
Nice Time,1
Crazy Love,1
Point and Shoot,1
Wanted,1
Doin` Time,1
Wrong Way,1
What I Got,1
April 29!CMA 1992 (Miami),1
Caress Me Down,1
Burritos,1
Garden Grove,1
Little District - Acoustic Version,1
Doin` Time - Uptown Dub,1
Doin` Time - Remixed By Marshall Arts,1
Boss D!PRDJ!PRD,1
Don`t Push,1
Waiting For My Ruca,1
5446 Thats My Number!FSL Ball And Chain,1
Scarlet Begonias,1
Born in Babylon,1
Decide You`re Gone,1
I Don`t Wanna Wait,1
Tear it Down,1
I Believe - feat!PRD Michael Franti & Nahko,1
Signature,1
Treading Water,1
Baby`s Got Sauce,1
Fatman,1
Shooting Hoops,1
Dreamin`,1
Honor And Harmony,1
Kick Drum,1
Gimme Some Lovin`,1
Amazing,1
Tricky Nicky,1
Dear Se√±oritas,1
Full Speed,1
Addictions,1
Backburner,1
Bad Luck,1
Taint,1
Insomnia,1
Check The Level,1
Believe,1
Lay Me Down,1
Rains It Pours,1
Antelope,1
I Got No Time,1
Emergency Spliff (Feat!PRD Josh Heinrichs),1
Under My Sensi,1
Bowl For Two,1
Sensimillia,3
Automatic,1
Casting of the Cares,1
Prelectricity,1
Barcelona,1
Alcoholic (feat!PRD Bumpin Uglies),1
Irie,1
Love Letter,1
Who You With,1
Giddy Up,1
On The Road Again,1
Say What You`re Thinking,1
Get Away,1
Seriously,1
Collie Herb Man,1
I And I,1
Frisk Me Down,1
Groove Again,1
Meant To Be,1
Working,1
Sweet As,1
Come Around,1
Blind To You - Explicit Album Version,1
Mamacita,1
What A Feeling,1
Crazy,1
Positive Vibe,1
W!PRDI!PRDL!PRDT!PRD,1
Nugg It,1
All I Want,1
Human Condition (feat!PRD John Bowling & Jeremy Anderson),1
Waiting For (feat!PRD Tyler Boone & Dexter Jenks),1
Daydream (feat!PRD Amy Middleton),1
Little District,1
Baby Bitch,1
Caramelo,1
This Is England,1
I Lost Against PMS,1
Days of War (Nights of Love),1
Music Move Me,1
Zombies in America,1
Nothing I Wouldn`t Do,1
Maggie Mae,1
Girl Take It Easy,1
Biblical Sense,1
Can`t Stand It,1
Wasted,1
Mable,1
5th Base,1
La Trova,1
Pachito E`che,1
Piel Canela,1
Oye Compay Juan,1
No Me Desesperes,1
Tungarara,1
Marianao,1
Babalu,1
Chango,1
Be Aware,1
Faith Works,1
Walking On the Moon,1
Soul Flower - Remix,1
Know It All,1
Inhale Exhale (feat!PRD Protoje),1
Upper Hand,1
Lay My Claim,1
Pretty Lady,1
Santa Barbara,1
Those Days,1
Free up Your Mind,1
Mirage,1
High on Life,1
Breakdown,1
For You,1
My Love,1
F Y,1
Don`t Think Twice,1
Vibes,1
Find Your Peace,1
Midnight Lover,1
Fiya,1
Pass the Herb (feat!PRD the Green & Marlon `Ganja Farmer` Asher),1
All Night (feat!PRD the Expanders),1
Long One,1
Wasting Away,1
Intro,1
Early Prayers,1
Rhyme & Reason,1
Bad Seeds,1
R!PRDO!PRDM!PRDP!PRD,1
Love Street,1
Rollin,1
Warrior Poet,1
Lost!FSLFound,1
Vices,1
Toko Tasi,1
Ready Fe Rock,1
Heartless,1
Ten Fold,1
Downlow,1
Gunslinger,1
Roundtrip,1
