The Roots,Phrenology
Intro !FSL There`s Something Goin` On,1
Proceed,1
Distortion To Static,1
Mellow My Man,1
I Remain Calm,1
Datskat,1
Lazy Afternoon,1
!QST Vs!PRD Rahzel,1
Do You Want More!QST!!!!QST!QST! - Beat Mix,1
What Goes On!CMA Pt!PRD 7,1
Essaywhuman!QST!!!!QST!QST!,1
Swept Away,1
You Ain`t Fly,1
Silent Treatment,2
The Lesson Pt!PRD 1,1
The Unlocking,1
Intro,1
Respond!FSL React,1
Section,1
Panic !!!!!!!,1
It Just Don`t Stop,1
Episodes,1
Push Up Ya Lighter,1
What They Do,2
!QST Vs!PRD Scratch (The Token DJ Cut),1
Concerto Of The Desperado,1
Clones,2
Universe At War,1
No Alibi,2
Dave Vs!PRD US,1
No Great Pretender,1
The Hypnotic,2
Ital (The Universal Side),1
One Shine,1
The Adventures In Wonderland,1
Outro,1
Act Won (Things Fall Apart),1
Table Of Contents (Parts 1 & 2),1
The Next Movement,2
Step Into The Relm,1
The Spark,1
Dynamite!,1
Without A Doubt,1
Ain`t Sayin` Nothin` New,1
Double Trouble,2
Act Too (The Love Of My Life),2
100% Dundee,1
Diedre Vs!PRD Dice,1
Adrenaline!,1
3rd Acts!SMI !QST Vs!PRD Scratch 2 !PRD!PRD!PRD Electric Boogaloo,1
You Got Me,2
Don`t See Us,1
The Return To Innocence Lost,1
Act Fore!PRD!PRD!PRDThe End!QST,1
Phrentrow,1
Rock You,1
Sacrifice,1
Rolling With Heat,1
WAOK (Ay) Rollcall,1
Thought @ Work,1
The Seed (2!PRD0),1
Break You Off,1
Water,1
Quills,1
Pussy Galore,1
Complexity,1
Something In The Way Of Things (In Town),1
Rhymes And Ammo,1
Thirsty!,1
Star!FSLPointro,1
I Don`t Care,1
Don`t Say Nuthin`,1
Guns Are Drawn,1
Stay Cool,1
Web,1
BOOM!,2
Somebody`s Gotta Do It,1
Duck Down!,1
Why (What`s Goin On!QST),1
Sacrifice - Live on BBC Radio One`s Worldwide Show with Gilles Peterson,1
Essaywhuman!QST!!!!! - Organix version,1
Break You Off - Dub!FSLSound check at Bogart`s Cincinnati!CMA OH 2003,1
Quicksand Millennium,1
Pass The Popcorn - Revisited,2
Don`t Say Nuthin` - Remix,1
Adrenaline,1
The Lesson Pt!PRD 3,1
Ya`ll Know Who,1
Thought@Work,1
The Seed!FSLMelting Pot!FSLWeb - Live on BBC Radio One`s Worldwide Show with Gilles Peterson,1
Din Da Da,1
No Hometro!FSLProceed 2,1
Distortion To Static - Black Thought Mix,1
Good Music,3
The Lesson,1
Star,1
What You Want,1
Do You Want More!QST!!!!QST!QST!,1
It`s Comin` - Live at The Trocadero!CMA Illadelph December 1993,1
Dilltastic Vol Won(derful),1
False Media,1
Game Theory,1
Don`t Feel Right,1
In The Music,1
Take It There,1
Baby,1
Here I Come,1
Long Time,1
Livin` In A New World,1
Clock With No Hands,1
Atonement,1
Can`t Stop This,1
Bread And Butter,1
A Peace Of Light,1
Walk Alone,1
Dear God 2!PRD0,1
Radio Daze,1
Now Or Never,1
How I Got Over,1
DillaTUDE!SMI The Flight Of Titus,1
The Day,1
Right On,1
Doin` It Again,2
The Fire,1
Tunnel Vision,1
Web 20!FSL20,1
Hustla - Bonus Track (Explicit),1
The Roots Is Comin`,1
Pass The Popcorn,1
Anti-Circle,1
Writers Block,1
Good Music - Preclude,1
Grits,1
Leonard I-V,1
I`m Out Deah,1
Essawhamah!QST - Live At The Soulshack,1
There`s A Riot Going On,1
Peace,1
Common Dust,1
The Session (Longest Posse Cut In History!CMA 12!SMI43),1
Syreeta`s Having My Baby,1
Carryin` On,1
Steve Biko (Stir It Up),1
Sweet Talkin`,1
Attica Black,1
State Of Yo (feat!PRD Black Sheep),1
Can`t Deal With This,1
Drop Da New Flavor,1
Take A Ride,1
DJ Shadow`s Theme,1
The Message,1
Dun,1
Sleep,1
Make My,1
One Time,1
Kool On,1
The OtherSide,1
Stomp,1
Lighthouse,1
I Remember,1
Tip The Scale,1
Redford (For Yia-Yia & Pappou),1
Possibility (2nd Movement),1
Will To Power (3rd Movement),1
Finality (4th Movement),1
