Eminem,The Marshall Mathers LP2
Bad Guy,3
Parking Lot - Skit,3
Rhyme Or Reason,3
So Much Better,4
Survival,4
Legacy,4
Berzerk,5
Rap God,4
Brainless,4
Stronger Than I Was,3
The Monster,4
So Far!PRD!PRD!PRD,3
Love Game,3
Headlights,4
Evil Twin,3
Baby,4
Desperation,3
Groundhog Day,4
Beautiful Pain,5
Wicked Ways,4
Asshole,1
Cold Wind Blows,3
Talkin’ 2 Myself,3
On Fire,2
Won`t Back Down,3
W!PRDT!PRDP!PRD,3
Going Through Changes,1
Not Afraid,2
Seduction,2
No Love,2
Space Bound,3
Cinderella Man,3
25 To Life,2
So Bad,3
Almost Famous,4
Love The Way You Lie,2
You’re Never Over,2
Untitled,2
Dr!PRD West - Skit,1
3 a!PRDm!PRD,2
My Mom,3
Insane,2
Bagpipes From Baghdad,2
Hello,2
Tonya - Skit,1
Same Song & Dance,2
We Made You,2
Medicine Ball,1
Paul - Skit,4
Stay Wide Awake,1
Old Time`s Sake,1
Must Be The Ganja,1
Mr!PRD Mathers - Skit,1
Deja Vu,1
Beautiful,3
Crack A Bottle,1
Steve Berman - Skit,2
Underground,2
Forever,1
Hell Breaks Loose,1
Buffalo Bill,1
Elevator,2
Taking My Ball,2
Music Box,1
Drop The Bomb On `Em,1
My Darling,2
Careful What You Wish For,1
Intro,1
FACK,1
The Way I Am,3
My Name Is,2
Stan,5
Lose Yourself - Soundtrack Version,3
Shake That,2
Sing For The Moment,2
Without Me,3
Like Toy Soldiers,4
The Real Slim Shady,3
Mockingbird,3
Guilty Conscience,2
Cleanin` Out My Closet,2
Just Lose It,2
When I`m Gone,1
Dead Wrong (feat!PRD Eminem),1
Role Model,2
Kill You,3
Shit On You,1
Criminal,3
Renegade,1
Just Don`t Give A Fuck,2
Curtains Up,1
Evil Deeds,1
Never Enough,1
Yellow Brick Road,1
Mosh,1
Puke,1
My 1st Single,1
Rain Man,1
Big Weenie,1
Em Calls Paul - Skit,1
Ass Like That,1
Spend Some Time,1
Crazy In Love,1
One Shot 2 Shot,1
Final Thought - Skit,1
Encore,1
We As Americans,1
Love You More - Album Version (Edited),1
Ricky Ticky Toc,1
Curtains Up - Skit,1
White America,1
Business,1
Square Dance,1
The Kiss - Skit,1
Soldier,1
Say Goodbye Hollywood,1
Drips,1
Paul Rosenberg - Skit,1
Superman,1
Hailie`s Song,2
When The Music Stops,1
Say What You Say,1
`Till I Collapse,2
My Dad`s Gone Crazy,1
Curtains Close,1
Public Service Announcement 2000,2
Who Knew,2
Steve Berman,2
Remember Me!QST,2
I`m Back,2
Marshall Mathers,2
Ken Kaniff - Skit,3
Drug Ballad,2
Amityville,2
Bitch Please II,2
Kim,2
Under The Influence,2
Paul,1
The Kids,1
Public Service Announcement,1
Brain Damage,1
If I Had,1
`97 Bonnie & Clyde,1
Bitch - Skit,1
Lounge - Skit,1
My Fault,1
Cum On Everybody,1
Rock Bottom,1
Soap - Skit,1
As The World Turns,1
I`m Shady,1
Bad Meets Evil,1
Still Don`t Give A Fuck,1
Numb,1
Get Low,2
Heavy Crown,1
Soul Food,1
Boy Oh Boy - Thugli Remix,2
Manolo,1
Burn the Pages,1
New National Anthem,1
Boundless,1
Chains,1
Bang Bang,1
Paper Route,1
Nobody Told Me,1
Sirens (feat!PRD Alex Wiley),1
Old School Love (feat!PRD Ed Sheeran),1
Dip,1
Suicide,1
Hold On!CMA We`re Going Home,1
Stick Up,1
Inhale,1
Ni!AST!ASTas In Paris,1
Clique,1
Tom Ford,1
Holy Grail,1
Uno Uno Seis,1
Ayo!,1
Molly,1
Slow Down,1
Bird Machine,1
You Know You Like It,1
Turn Down for What,1
Lunatic - Original Mix,1
Let Em Know,1
Turn Up,1
Headstrong,1
Bodies,1
Hero,1
The Pride,1
The Glass Elevator (Walls),1
The Game,1
Indestructible,1
The Crazy Ones,1
The Vengeful One,1
You`re Mine,1
Come with Me Now,1
You`re Gonna Go Far!CMA Kid,1
Death March,1
More Human Than Human,1
Superbeast,1
Two Worlds,1
Coming Undone,1
I Stand Alone,1
King For A Day,1
One For The Money,1
Last One Standing,1
Been To Hell,1
Take My Hand,1
Never Back Down,1
Last Resort,1
Sound Of Madness,1
Not Ready to Die - from Call of the Dead,1
Cryin` Like A Bitch!!,1
POWER,1
How You Like Me Now,1
Ain`t No Rest for the Wicked - Original Version,1
Centuries,1
I Won`t Give In,1
Living Dead Girl,1
Remember The Name (feat!PRD Styles Of Beyond),1
White Rabbit,1
Undead,1
Uprising,1
Riptide,1
Dance With The Devil,1
Hater,1
Throne,1
A Place For My Head,1
Famous Last Words,1
Do I Wanna Know!QST,1
I Don’t Want To Be Here Anymore,1
New Tattoo,1
Bullet With Butterfly Wings,1
Feel Invincible,1
Radioactive,1
I Won`t Back Down,1
Hall of Fame,1
Awake and Alive,1
The Night,1
Drop The World,2
Not Gonna Die,1
Dead Inside - Bonus Track,1
Invincible,1
Badass,1
In Waves,1
Get Free,1
Face Everything and Rise,1
It`s Over When It`s Over,1
Dragula,1
Critical Acclaim,1
Freak On a Leash,1
Trenches,1
Beauty Of Annihilation,1
Unholy Confessions,1
Blow,1
Worth Dying For,1
Kings Never Die,1
X Gon` Give It To Ya,1
The Game & Skrillex!SMI El Chapo,1
You Don`t Know,2
The Beast,1
Click Click Boom,1
Rollin` (Air Raid Vehicle),1
This Fire,1
Bullet With A Name,1
God`s Gonna Cut You Down,1
I Will Not Bow,1
Welcome to the Family,1
This Is Gonna Hurt,1
Hollywood Whore,1
Can`t Hold Us - feat!PRD Ray Dalton,1
Absolute Zero,1
Sucker For Pain (with Wiz Khalifa!CMA Imagine Dragons!CMA Logic & Ty Dolla $ign feat!PRD X Ambassadors),1
Should I Stay or Should I Go - Remastered,1
Holy Diver,1
Pretty Handsome Awkward,1
Congratulations,1
Animal I Have Become,1
Lord Knows (feat!PRD Tory Lanez),1
X,1
It’s My Birthday,1
It Won`t Stop (feat!PRD Chris Brown),1
Lemonade (feat!PRD Tyga),1
Cookie,1
A Tribe Called Red,1
Smoke!CMA Drink!CMA Break-Up,1
ATM (feat!PRD Dria & Migos),1
Guts Over Fear,3
Studio,1
Low,1
Drop Girl,1
25 Bucks (feat!PRD Purity Ring),1
My Bae,1
I Luv This Shit,1
Ghetto,2
Downtown,1
Benediction,1
Numb - Bonus Track,1
Downtown Love,1
Let`s Get Lost,1
Remember You,1
Walk The Line,1
Don`t Need Y`all,1
Oceans,1
Stay Ready (What A Life),1
3!SMI16AM,1
Comfort Inn Ending (Freestyle),1
To Love & Die,1
Wading,1
The Pressure,1
Brave,1
Bitch!CMA Don’t Kill My Vibe,1
Money Trees,1
Born To Die,1
Off To The Races,2
Video Games,2
Diet Mountain Dew,2
National Anthem,2
Dark Paradise,1
Radio,2
Million Dollar Man,1
Summertime Sadness,2
This Is What Makes Us Girls,1
Without You,2
Loveeeeeee Song,1
Get It Girl (Remix),1
Dumb,1
Shotgun - Original Mix,1
Talking Body,1
Twerk It Like Miley - Hedegaard Remix,1
In My Zone,1
Bad Intentions,1
Lemme Freak,1
Space Jam,1
Entertainment 2!PRD0 (feat!PRD Juicy J!CMA 2 Chainz and Nicki Minaj),1
TKO - Black Friday Remix,1
Top of the World,1
Dimes (feat!PRD Wiz Khalifa),1
Champagne,1
Skin Tight,1
TMWYKAL,1
We Can Make Love,1
Crash,1
Blind,1
Oh!CMA Hell,1
!PRD!PRD!PRDAgain,1
All Hands on Deck,1
Feels Like Vegas,1
Don`t Judge Me,1
Trumpet Lights,1
Only,1
#icanteven,1
So High,1
Watch Me Rise,1
Stuck On a Feeling,1
When The Beat Drops Out,1
Faded - Original Mix,1
Truffle Butter,1
Crazy in Love,1
begin again,1
Drive Me Crazy,1
You`re On,1
Firestone,1
Deliver,1
Easy,1
Make Me Fade,1
Certified Freak,1
Whales,1
They Come in Gold,1
Watching Movies,1
The Body (feat!PRD Jeremih),1
Turn Down,1
DnF,1
She Want That (Sing For Me Remix),1
GDFR (feat!PRD Sage The Gemini & Lookas),1
Get You Alone (Featuring Jeremih),1
Schemin Up (feat!PRD Drake and P!PRD Reign),1
Swimming Pools (Drank) - Extended Version,1
Attak (feat!PRD Danny Brown),1
Bonfire,1
Runaway,1
Limos,1
High By The Beach,1
Art Deco,1
The Blackest Day,1
Swan Song,1
Blue Jeans,1
Lucky Ones,1
Body Electric,1
Peso,1
Swim Good,1
DKLA,1
You Mine,1
Almighty Dollar,1
I Know What You Did Last Summer,1
Me!CMA Myself & I,1
Between Us,1
Nobody Has To Know (feat!PRD Ty Dolla $ign) - Major Lazer and KickRaux Remix,1
Party Favors,1
Sugar (feat!PRD Francesco Yates),1
I`m Up (feat!PRD Kid Ink & French Montana),1
Lay It All On Me (feat!PRD Ed Sheeran),1
C!PRDU!PRDR!PRDE!PRD,1
Tell Me,1
Wolfpack,1
White Iverson,1
Till I Die,1
Where Ya At,1
Electric Body,1
Nightcrawler,1
Exchange,1
Hold Up!CMA Wait a Minute,1
You Got Me,1
You Don`t Know (feat!PRD Wale),1
Hypnotizing,1
Apologize,1
Take From Me,1
We Don`t Care,2
Smack That - Dirty,1
Right Now (Na Na Na),1
I`m So Paid,1
Lonely - Old Version,1
Sorry!CMA Blame It On Me - Main,1
Angel,1
Locked Up,1
Gangsta Bop,2
Blown Away - Album Version (Edited),1
Back 2 Life (Live It Up),1
Beat It,1
So Blue,1
Troublemaker,1
Runaway Love,1
Irish Celebration,1
Tired Of Runnin`,1
ShadyXV,1
Psychopath Killer,1
Die Alone,1
Vegas,1
Y`all Ready Know,1
Down,1
Bane,1
Fine Line,1
Twisted,1
Right For Me,1
Detroit Vs!PRD Everybody,1
I Get Money,1
Purple Pills,1
Cry Now - Shady Remix,1
Let`s Roll,1
Hammer Dance,1
P!PRDI!PRDM!PRDP!PRD,1
My Band,1
Wanna Know,1
Wanksta - From `8 Mile` Soundtrack,1
The Setup,1
In Da Club,1
Fight Music,1
Pop The Trunk,1
