Kanye West,Late Registration
Losing My Religion,1
Two Princes,1
Walkin` On The Sun,1
Every Morning,2
Boombastic,1
Angel,3
Hey Ya! - Radio Mix !FSL Club Mix,3
Mr!PRD Brightside,3
This Love,1
Best of You,1
Feel Good Inc,1
Gangsta`s Paradise,1
Mr!PRD Jones,1
Californication,2
Day `N` Nite (nightmare),4
We Don`t Care,15
All Falls Down,20
Jesus Walks,22
Get Em High,16
Family Business,12
Heard `Em Say,17
Gold Digger,28
Stronger,25
Can`t Tell Me Nothing,22
Heartless,16
Amazing,15
Love Lockdown,14
Dark Fantasy,18
POWER,18
Make Her Say,6
Erase Me - Main,8
THat Part,6
Wild for the Night,3
Work REMIX,2
In Da Club,5
Protect Ya Neck - Shao Lin Version,1
Man Of The Year,2
Bitch!CMA Don’t Kill My Vibe,4
Backseat Freestyle,4
Money Trees,6
Poetic Justice,2
m!PRDA!PRDA!PRDd city,6
Swimming Pools (Drank) - Extended Version,5
Collard Greens,2
Dead And Gone (feat!PRD Justin Timberlake),3
V!PRD 3005,6
IV!PRD sweatpants,5
Still D!PRDR!PRDE!PRD,5
i,1
Right Above It,1
No Flex Zone,1
King Kunta,2
Gang Related,1
Everyday,4
The Hills,5
Antidote,6
Fade Away,1
Don`t,2
Look Alive,4
Swang,3
goosebumps,4
Skateboard P,1
Party Monster,2
Congratulations,2
By Design,1
Neighbors,3
HUMBLE!PRD,4
ELEMENT!PRD,3
DNA!PRD,3
LOVE!PRD FEAT!PRD ZACARI!PRD,2
LOYALTY!PRD FEAT!PRD RIHANNA!PRD,2
Thinkin Bout You,3
Self Control,2
Solo (Reprise),1
White Ferrari,2
Losers,2
Often,2
Shameless,1
In The Night,2
Prisoner,2
Dark Times,1
Reminder,1
Portuguese Knife Fight,1
Spiderwebs,1
Saint Cecilia,1
Float On,1
Say It Ain`t So,1
Last Kiss,1
Uprising,1
Santa Monica,1
Black Hole Sun,1
Take Me Out,1
Into Yesterday,1
Mess Around,2
Higher Ground - 2003 - Remaster,1
1985,1
Skin And Bones,1
Island In The Sun,1
All The Small Things,1
Madness,1
The Middle,3
Learn to Fly,1
Gold On The Ceiling,1
Even Flow,1
Father Of Mine,1
Can`t Stop,2
All My Life,2
Beverly Hills,1
The Pretender,1
Everlong,2
Times Like These,2
Monkey Wrench,1
Loser,2
Smells Like Teen Spirit,1
Heart-Shaped Box,1
Lithium,1
R U Mine!QST,2
Do I Wanna Know!QST,2
Fluorescent Adolescent,2
Why`d You Only Call Me When You`re High!QST,1
Arabella,1
Under The Bridge,2
Snow (Hey Oh) - Hey Oh Album Version,2
Otherside,2
Dani California,2
Scar Tissue,2
Dark Necessities,1
By The Way,2
Goodbye Angels,1
Around The World,1
Give It Away,2
I Bet You Look Good On The Dancefloor,2
Knock Me Down - 2003 Digital Remaster,1
Welcome to Paradise,1
Buddy Holly,1
When I Come Around,1
Fly,1
Come As You Are,1
Left Hand Free,1
In Bloom - Nevermind Version,1
Cigarette Daydreams,1
Handlebars,1
Tongue Tied,1
Howlin` For You,1
Santeria,3
Hooked on a Feeling,2
Come & Get Your Love (Re-Recorded),1
Ripple,1
The Longest Time,1
People Are Strange,1
All Along the Watchtower,1
A Horse with No Name,1
Breakfast In America - 2010 Remastered,1
Simple Man,1
Beast Of Burden - Remastered,1
You Really Got Me - Mono Mix,1
Desperado,1
Hotel California - Remastered,1
Take It Easy,1
One Of These Nights,1
All Day and All of the Night,1
(I Can`t Get No) Satisfaction - Mono Version !FSL Remastered 2002,1
Sympathy For The Devil,1
Paint It Black,2
Smooth,1
Black Magic Woman,1
Sunshine Of Your Love,1
Fly Like An Eagle,2
The Joker,1
Take The Money And Run,1
Jet Airliner,1
Rock`n Me,1
Abracadabra,1
Uptown Girl,1
We Didn`t Start the Fire,1
It`s Still Rock and Roll to Me,1
My Life,2
Surrender,1
Who Are You,1
Come Together - Remastered,1
While My Guitar Gently Weeps - Remastered,1
Love Me Do - Remastered,1
The Ballad Of John And Yoko - Remastered 2015,1
Fortunate Son,2
Have You Ever Seen The Rain!QST,1
Bad Moon Rising,1
Down On The Corner,1
Sultans Of Swing,1
Money For Nothing - Edit,1
Gimme Shelter,2
Baba O`Riley,1
Gimme Three Steps,1
Start Me Up - Remastered,1
Paradise City,2
Pinball Wizard,1
Sweet Child O` Mine,3
Another One Bites The Dust - Remastered 2011,1
Ain`t No Sunshine,1
Warning,2
Come Clean,1
Hell Of A Life,16
Good Life,20
Drive Slow,17
Flashing Lights,21
Christmas In Harlem,5
Hey Mama,17
Homecoming,20
Blame Game,12
Gotta Have It,16
Why I Love You,10
Touch The Sky,24
Gone,17
Addiction,18
Stay Up! (Viagra) [feat Kanye West],3
Otis,16
Bound 2,15
I Wonder,17
Roses,17
Diamonds From Sierra Leone - Remix - Album Version (Explicit),17
Slow Jamz,14
Spaceship,12
Breathe In Breathe Out,11
Through The Wire,19
H•A•M,14
Selfish,4
Made In America,8
Monster,19
All Of The Lights,19
So Appalled,14
Devil In A New Dress,17
Lost In The World,13
Gorgeous,15
Blood On The Leaves,16
Paranoid,14
U Mad,4
Ultralight Beam,15
Father Stretch My Hands Pt!PRD 1,16
Pt!PRD 2,14
Famous,15
Feedback,11
Highlights,13
I Love Kanye,12
Waves,15
FML,14
Real Friends,13
Wolves,11
30 Hours,11
No More Parties In LA,16
Fade,18
Good Morning,16
Runaway,16
No Church In The Wild,17
New Slaves,11
The Glory,12
We Major,12
Hold My Liquor,10
Who Gon Stop Me,14
Murder To Excellence,8
The New Workout Plan,11
All Day,11
The Joy,8
Mercy,8
All Your Fault,5
Champion,16
Why You Wanna,2
Higher than a Kite,1
Ms!PRD New Booty,2
Rumors - Main,2
Honey,1
My Chick Bad,1
Defying Gravity - From `Wicked` Original Broadway Cast Recording!FSL2003,1
Deliverance,1
In the Ghetto,1
We Belong Together,2
I Got You Babe - LP!FSLSingle Version,1
Te Amo,1
The Prince Of Egypt (When You Believe) - The Prince Of Egypt!FSLSoundtrack Version,1
Pour que tu m`aimes encore,1
Teenage Dream,1
Obsessed,1
I Know What You Want,2
Heartbreaker,3
My Heart Will Go On - Love Theme from `Titanic`,1
Peacock,1
Roman`s Revenge,1
5 Star Remix,1
Ugly,1
Up Out My Face,1
It`s All Coming Back To Me Now - Radio Edit 1,1
My Neck!CMA My Back (Lick It) - Street!FSLClub Version,1
If I Could Turn Back Time,1
Working Girl,1
9 to 5,1
Tara,1
Moment 4 Life,1
Don`t Trip,1
Rude Boy,1
It`s the Most Wonderful Time of the Year,1
Petit frère,1
Neue Deutsche Welle,1
Mein Block (Beathoavenz Video Rmx),1
Main Title,2
Set The Fire To The Third Bar,1
Heartbreak Warfare,2
Breathe - Rap Version,1
(I`ve Had) The Time of My Life,1
No Air,2
My Boo,3
All My Life [with Aaron Neville],1
Lady Marmalade - Thunderpuss Radio Mix Version,1
How Many Licks!QST (feat!PRD Sisqo),1
Hey Ma,2
Breathe - Explicit Album Version,1
Popular - From `Wicked` Original Broadway Cast Recording!FSL2003,1
Lean Back,1
Slow Down - Radio,1
We Need A Resolution,1
Miss You - Main,1
Rock The Boat,1
Halo,1
This Is My Party [Promo],1
Into You [Main Mix feat!PRD Tamia],1
Into You - feat!PRD Ashanti,2
Long Way 2 Go,1
Call Me,1
The Pledge,1
Jenny from the Block - Track Masters Remix,1
I Like That,3
One Call Away,2
Holidae In,3
I`m A Hustla - Street Mix!FSL Dirty Version,2
Womanizer,2
Murder Reigns,1
Can You Hear Me - Explicit Album Version,1
My All,2
Get Your Number,2
Hold It Against Me,1
3,1
I`m a Slave 4 U,1
Me Against the Music - LP Version !FSL Video Mix,1
Get Naked (I Got a Plan),1
Jimmy Mathis,1
BedRock,1
Best I Ever Had,5
Day `N` Nite - Radio Edit,1
Memories (feat!PRD Kid Cudi) - feat!PRD Kid Cudi,1
Video Games,2
7 Seconds,1
Te Aviso!CMA Te Anuncio (Tango),1
The Power of Love - Radio Edit,1
Nasty Bitch (feat!PRD Money Mark of Tre+6),2
All I Want for Christmas Is You,1
Heartbreaker (Remix) - Remix,1
The Beast Within - Live,1
En Tus Pupilas,1
Las de la Intuición,1
Unchain My Heart,2
Un-Break My Heart,1
NDW 2005,1
Luv U Better,1
Hotel,2
4 My People (feat!PRD Eve) - featuring Eve LP Version,1
Forever,8
Rack City,1
Levels - Original Version,1
One (Your Name) [feat!PRD Pharrell],1
Fantasy,4
Foolish,2
Case Of The Ex (Whatcha Gonna Do),1
Like A G6,1
Somebody Else`s Lover,1
Missing - Todd Terry Club Mix,1
Titanium (feat!PRD Sia) - feat!PRD Sia,2
Always On Time,4
Mesmerize,2
Clap Back,1
Stand Up,2
Kimnotyze Remastered,1
Baby Boy (feat!PRD Beyonce),2
Stutter - Double Take Remix,1
Silence (feat!PRD Sarah McLachlan) - Airscape Remix Edit,1
Don`t You Worry Child (Radio Edit) [feat!PRD John Martin],1
In Those Jeans - Radio Edit,1
Smash Into You - Live,1
Sweet Dreams,2
Teach Me How to Dougie,1
Gucci Gucci,1
Bumpin Bumpin,1
Excuse Me Miss,2
Love Sosa,1
Paradise - Not For Me,1
Freek-A-Leek,1
Holla At Me,1
F!AST!ASTkin` Problems,4
Highway Don`t Care,1
Young Lady,1
Peso,2
Changes,1
Signs,1
Lollipop,2
Starships,1
Outta Control - Remix,1
Soundtrack 2 My Life,3
Pursuit Of Happiness (nightmare),4
Zeplike,1
Closer to the Sun,2
Mellow Mood - feat!PRD G!PRD Love,1
Hiphoppablues (feat!PRD G!PRD Love),1
What I Got,2
Badfish,2
Scarlet Begonias,1
Rivers Of Babylon,1
Waiting For My Ruca,1
I Love My Dog,1
What`s Your Fantasy (Featuring Shawna),2
Move Bitch,2
Blueberry Yum Yum,1
Virgo,1
Georgia,1
Grass Is Always Greener,1
4!SMI30 AM,1
Guns and Cigarettes,1
The Woman with the Tattooed Hands,1
F`@k You Lucy,1
Bird Sings Why The Caged I Know,1
National Disgrace,1
Denvemolorado,1
Always Coming Back Home To You,1
3!PRD2 Red Dog,1
Stir It Up - Live At The Pavillon De Paris!FSL1977,1
Hard Knock Life (Ghetto Anthem),2
Can I Get A!PRD!PRD!PRD - From The Rush Hour Soundtrack,2
Work It Out,1
Brown Girl (Suga Plum),1
Pepper,1
Over The Rainbow !FSL What A Wonderful World - Medley,1
Storm In A Teacup,1
Rolling Stone,1
Killem With Kindness,1
Go DJ,1
Bitch!CMA Don’t Kill My Vibe - Remix,3
Garden Grove - Live At The Palace!FSL1995,1
Artsy (feat!PRD The Grouch),1
Purple Kush (feat!PRD Sunspot Jonz),1
Another Day (feat!PRD Marty James!CMA Luckyiam),1
Whatuptho,1
Woman Tonight,1
Marvin Gaye,1
Baby`s Got Sauce,1
No Woman!CMA No Cry - Live At The Lyceum!CMA London!FSL1975,2
Tangerine Sky,1
Midnight Rider,2
Ramblin` Man,1
Avian,1
Matches,1
The Dangerous Three,1
Bang Boogie,1
Learn Truth,1
Definition of a Rap Flow (Albee 3000),1
None Shall Pass,1
Gopher Guts,1
Smile,2
Hold On,2
Wait So Long,2
Where Is My Mind!QST (Live),1
Ramble On,1
Kashmir,1
Big Poppa,1
C!PRDR!PRDE!PRDA!PRDM!PRD,1
Int`l Players Anthem (I Choose You),3
The Next Episode,2
Xxplosive,2
What You Know,4
White Unicorn,1
Colossal,1
Joker And The Thief,2
Worst Comes To Worst,1
Everything,1
A Beautiful Mine (Theme Music from Mad Men),1
L$D,4
Champions,6
Ni!AST!ASTas In Paris,16
Never Let Me Down,11
Last Call,12
School Spirit,10
Big Brother,12
Black Skinhead,16
Only One,8
Clique,9
All We Got (feat!PRD Kanye West & Chicago Children`s Choir),6
Summer Friends (feat!PRD Jeremih & Francis & The Lights),1
Same Drugs,5
Angels (feat!PRD Saba),5
Juke Jam (feat!PRD Justin Bieber & Towkio),2
Smoke Break (feat!PRD Future),1
Blessings,6
Light,1
Feel Me,4
90210,3
through the late night,2
beibs in the trap,2
pick up the phone,3
Mamacita,2
Upper Echelon,3
Don`t Play,1
Apple Pie,1
3500,2
Oh My Dis Side,1
Guilt Trip,11
Two Words,9
New Day,9
I Don`t Like (Remix),8
Coldest Winter,12
All Of The Lights (Interlude),10
On Sight,9
Who Will Survive In America,10
Too Bad,1
100 (feat!PRD Drake),1
Get You Good,1
Back To Back,6
Weight in Gold,1
God Talk,1
Wham,1
Can`t Feel My Face,4
Goldie,3
Kanye West,1
Hide (Tropkillaz Remix) [feat!PRD Childish Gambino & Aynzli Jones],1
II!PRD WORLDSTAR,1
Bonfire,4
10 Bands,2
Star67,2
Loft Music,1
The Knowing,1
Close Your Eyes (And Count to Fuck),1
G!PRDO!PRDM!PRDD!PRD,3
Tuscan Leather,3
Own It,2
Worst Behavior,4
0 To 100 !FSL The Catch Up,4
Hotline Bling,3
White Iverson,1
Born in `87,1
Black Soul,1
Somewhere in Paradise (feat!PRD Jeremih & R!PRD Kelly),2
LIKE I WOULD,1
PILLOWTALK,1
The Morning,4
Summer Sixteen,3
Pop Thieves (Make It Feel Good),2
II!PRD earth!SMI the oldest computer (the last night),2
That Power,2
untitled 02 !BAR 06!PRD23!PRD2014!PRD,1
Guap,1
Swim Good,1
Novacane,3
Bad Religion,1
Pyramids,1
Send It Up,10
Welcome To The Jungle,10
Primetime,9
House Of Balloons !FSL Glass Table Girls,1
The Party & The After Party,1
Tell Your Friends,1
untitled 03 !BAR 05!PRD28!PRD2013!PRD,1
untitled 07 !BAR 2014 - 2016,1
Low Life,3
Purple Swag,1
Facts (Charlie Heat Version),13
Pop Style,3
Where Ya At,2
Birthday Song,5
I`m Different,1
Did I,1
Panda,4
Ray Charles,1
Bad Day,1
Breakfast,1
You Know I Got It (Reprise),2
Nobody Speak,1
A!PRDD!PRDH!PRDD,3
Work,2
New Level,1
All The Way Up,2
DEVASTATED,2
U With Me!QST,2
Feel No Ways,1
Hype,2
Weston Road Flows,1
With You,2
One Dance,3
Childs Play,2
Grammys,2
Sober,3
Heartbeat,3
Retro [ROUGH],1
I!PRD the worst guys,2
II!PRD zealots of stockholm [free information],1
Sunrise,1
Together (feat!PRD Childish Gambino),1
No Problem (feat!PRD Lil Wayne & 2 Chainz),5
All Night (feat!PRD Knox Fortune),2
Finish Line !FSL Drown (feat!PRD T-Pain!CMA Kirk Franklin!CMA Eryn Allen Kane & Noname),1
Too Good,1
#Forever (My Love),1
Women!CMA Weed & 808`s,1
Sauceallonmeh,1
Might Not,1
For Free,1
Switch,2
Got Me,1
Down Girl,1
Gwan Big Up Urself,1
Exchange,2
Summer `88,1
Hi!,1
Lit - Bonus,1
BEN CARSON,1
Domo23,2
Yonkers,2
SMUCKERS,4
Hive,2
Chum,2
Wool,1
Paper Trail$,2
Shabba,2
P!AST!AST!AST!AST Print (feat!PRD Kanye West),3
Not Nice,1
Broccoli (feat!PRD Lil Yachty),2
Needed Me,1
For Ya,1
Sierra Leone,2
Super Rich Kids,1
Pilot Jones,1
Crack Rock,1
Lost,1
Forrest Gump,1
FourFiveSeconds,5
Bad Girls,1
Cold,7
Everything I Am,12
Lift Off,8
Alright,4
Saint Pablo,11
Sanctified,4
Nikes,1
Solo,1
Nights,1
Godspeed,1
Futura Free,1
Free Lunch,1
Zayn Malik,1
Tiger Hologram,1
Until,1
Movie,1
One More Time (feat!PRD Otieno Terry),1
Happy Place,1
Bears,1
Dirt,1
HOME,1
Starboy,2
False Alarm,1
Crew Love,1
Fake Love,4
Do You There (feat!PRD Marc E!PRD Bassy),1
Sneakin’,1
Two Birds!CMA One Stone,1
Caroline,4
Stay Down,1
We Ain`t Them,2
Can I Kick It!QST,1
Electric Relaxation,1
Award Tour,1
The Space Program,1
What If,1
Black Beatles,5
I Feel It Coming,1
Chunky,1
Perm,1
That`s What I Like,2
Connect 4,1
Sidewalks,1
Six Feet Under,1
Baptized In Fire,1
Talk to Me,1
Legend Has It,1
2100,1
Panther Like a Panther (Miracle Mix),1
Thursday In the Danger Room,1
Moves,2
Halfway Off The Balcony,1
Saved,1
Jump,1
Revenge,1
Knock It Off,1
Suicide,1
Another Day (feat!PRD King Louie),1
Big Opps,1
At The Light,1
4 Minutes Of Hell Pt!PRD 3,1
Kill Shit (feat!PRD Lil Bibby) [Bonus Track],1
Drowning (feat!PRD Kodak Black),1
My Collection,2
Gang Up (with Young Thug!CMA 2 Chainz & Wiz Khalifa feat!PRD PnB Rock),1
Speakerbox (feat!PRD Ohana Bam & Lafa Taylor) - F8 Remix,1
Mamacita (feat!PRD Rico Nasty),1
Decline,1
Shaolin`s Theme !FSL Pray,1
Homicide,1
Savages,2
Killa,1
Shooters,1
I Remember,1
Beetlejuice,1
Alone !FSL EA6,1
D!PRDT!PRDB!PRD - Interlude,1
Up Next,1
Overwhelming,1
Suburban,1
Where Yo Blicky At,1
Barry Bonds,13
Crack Music,12
This Way,1
Wouldn`t Get Far,5
Body Gold,1
Cake,1
The Boy With The Thorn In His Side - 2011 Remastered Version,1
Natalie,1
Money,2
Swimming In The Moonlight,1
Ask - 2011 Remastered Version,1
Chinese Fountain,1
Wyclef Jean,2
Sunday Morning,1
Gave It All I Got,1
Cherry,1
Stop Me If You Think You`ve Heard This One Before - 2011 Remastered Version,1
If I Believe You,1
BET Uncut (feat!PRD Rich Po Slim),1
Dives,1
Rapt,1
Lonely,1
Above And Below,1
We (feat!PRD CeeLo Green),1
Deadwater,1
Don`t You (Forget About Me),1
Puppy Love,1
No One’s Here To Sleep,1
Arrival Of The Birds,1
Nuvole Bianche,1
Alone in Kyoto,1
Hometown Glory,1
The River,1
Until We Bleed (feat!PRD Lykke Li),1
Breathe Me,1
Shoulda,1
Homesick - Club Version,1
The Look,1
All In Your Head,1
Till I`m Gone - feat!PRD Wiz Khalifa,1
Show Stopper,1
Dog Days Are Over,1
Take Care,1
Sympathique,1
Somebody To Love Me,1
Somebody That I Used To Know,1
The Cure & The Cause - Dennis Ferrer Remix,1
Distance,1
Clocks,2
Speed Of Sound,1
Feel - Radio Edit,1
Это была любовь ( Eto Bila Lubov` ),1
Jungle Drum,1
Mean To Me,1
6 Degrees - Tale Of Us Remix,1
Confessions Of A Broken Heart (Daughter To Father) - Radio,1
Everytime,1
All About Us,1
All The Things She Said,1
Undeva-n Balkani (Somewhere in the Balkans),1
Bonbon,1
Alarm,1
Closer,5
Treat You Better,1
We Don`t Talk Anymore (feat!PRD Selena Gomez),1
I Remember - DJ Hero Mix,1
Ready Set Go,1
Whatcha Saying Tip,1
Come and Get Me,1
It`s Me B!AST#@hes - Main,1
Invaders Must Die,1
Movin` Bass - GTA Remix,2
D!PRDO!PRDP!PRDE!PRD,1
Definition,1
Ms!PRD Fat Booty,1
What`s Beef - 2014 Remastered Version,2
Gimme The Loot,1
Where The Hood At,2
Ruff Ryders` Anthem,3
Hip Hop Is Dead,1
Holy Grail,2
Empire State Of Mind,1
Da Rockwilder,1
Bring The Pain,1
Bad Boy For Life,1
P!PRDI!PRDM!PRDP!PRD,2
Shimmy Shimmy Ya,1
Brooklyn Zoo,1
Hippa To Da Hoppa,1
Gangsta Rap Made Me Do It,1
It Was A Good Day,2
No Vaseline,2
Hey - Sega Remix,1
The Choice Is Yours (Revisited),1
Drunken Sailor,1
Uma Thurman,1
Welcome to the Black Parade,2
Na Na Na [Na Na Na Na Na Na Na Na Na],1
Helena (So Long & Goodnight),1
My Way Home,13
No Games,1
Cinema - Skrillex Remix,1
Paradise Circus,1
Young Folks,1
Rolling Down to Old Maui,1
Jesus Christ Super Tramp,1
Soul Finger,1
Get Up! - feat!PRD Skrillex,1
Kill Tomorrow,1
She Don`t Use Jelly,1
!AST!AST!AST!AST!AST!AST!AST [Plastic Jesus],1
Shia LaBeouf Live,1
Employee of the Month,1
Theme Music (feat!PRD Nick Maxwell),1
Hollow,1
The Greatest Man That Ever Lived (Variations On A Shaker Hymn),1
Let It Go,2
Rap God,2
The Humpty Dance,1
Same Song - Edit Version,1
Top O` the Morning to Ya,1
Hello (Metal Cover),1
Feel Good Inc!PRD (Metal Cover),1
Uptown Funk - Metal Cover,1
Friday I`m In Love,1
Paper Planes,1
3005,1
Anaconda - Metal Cover,1
Fatty Boom Boom - Metal Cover,1
Dark Horse - Metal Cover,1
Lost!,1
Viva La Vida,1
The Symphony,1
Lake Pontchartrain,1
Anything For You,1
Whatever You Like,2
Summer Breeze,1
I Remember - Caspa Remix,1
Raise Your Weapon - Original Mix,1
East Coast!FSL West Coast Killas,1
Been There Done That,1
X,1
The Pit,1
Sh!AST!ASTtin` On The World,1
Everybody Knows,1
Where the Wild Roses Grow - 2011 Remastered Version,1
Hey Pretty,1
Fade Into You,1
Veronica,1
Teach Your Children,1
Last Train - Remastered Version,1
Time Bomb,1
The Bomb,1
Cherry Bomb,1
Royals (Metal Cover),1
The Greatest,2
Hustlin`,2
How Low,1
Ms!PRD New Booty - feat!PRD Ying Yang Twins and Mr!PRD ColliPark,1
L!PRDA!PRDW!PRD (Lyrical Assault Weapon),1
Chandelier - Metal Cover,1
Wrecking Ball,1
Animals,1
Moves Like Jagger - Metal Cover,1
Toxic,4
Poker Face - Metal Cover,1
Going On,1
Potter`s Field,1
Only,3
Room For One More,1
Packaged Rebellion,1
Hy Pro Glo,1
Invisible,1
1000 Points Of Hate,1
Black Lodge,1
C11 H17 N2 O2 S Na,1
Burst,1
This Is Not An Exit,1
Auf Wiedersehen - Bonus Track,1
Cowboy Song,1
London,1
Black Lodge - Edit,1
Given Up,1
Or Nah (feat!PRD The Weeknd!CMA Wiz Khalifa and DJ Mustard) - Remix,2
Legend,1
Energy,2
Throw Sum Mo,1
Truffle Butter,1
Post To Be (feat!PRD Chris Brown & Jhene Aiko),1
Know Yourself,3
Nasty Freestyle,2
Trap Queen,3
Crickets,1
Tamale,2
Grand Piano,1
Pills N Potions,1
Feeling Myself,1
Be Real,1
Flex (Ooh!CMA Ooh!CMA Ooh),2
Not Letting Go (feat!PRD Jess Glynne),1
I Don`t Give A F!ASTck,1
War,1
Get Paid,1
Put It On,2
N!AST!AST!ASTa from Maine,1
Entering the Silence (feat!PRD Red Pill),1
Jungle,2
She (feat!PRD Frank Ocean),2
All Eyes On You (feat!PRD Chris Brown & Nicki Minaj),1
My Way (feat!PRD Monty),1
Young!CMA Wild & Free (feat!PRD Bruno Mars) - feat!PRD Bruno Mars,1
Black And Yellow,1
We Dem Boyz,1
Ass Drop,1
Nothing But Trouble - Instagram Models,1
A Milli,3
6 Foot 7 Foot,1
Believe Me,3
One Man Can Change The World,3
I Don`t Fuck With You,2
I Know,1
Electric Body,3
Ride Out,1
Body Language,1
Show Me,1
Money and the Power,2
DEATHCAMP,1
FUCKING YOUNG !FSL PERFECT,1
R!PRDI!PRDC!PRDO!PRD (feat!PRD Drake),1
Jump Out The Face (feat!PRD Future),1
Lord Knows (feat!PRD Tory Lanez),1
Pullin Up (feat!PRD The Weeknd),1
Aston Martin Music,1
Stay Schemin,1
No Role Modelz,6
Apparently,1
A Tale of 2 Citiez,3
The Matrimony (feat!PRD Usher),1
The Body (feat!PRD Jeremih),1
The Girls On Drugs,2
The Need To Know (feat!PRD SZA),1
679 (feat!PRD Remy Boyz),3
good kid,1
Sing About Me!CMA I`m Dying Of Thirst,1
Real,1
Hol` Up,1
Drunk and Hot Girls,12
Bring Me Down,13
Celebration,12
Say You Will,8
Welcome To Heartbreak,9
Street Lights,9
Bad News,8
See You In My Nightmares,9
Born Sinner,2
Crooked Smile,3
Power Trip,1
Let Nas Down,2
Furthest Thing,2
Hold On!CMA We`re Going Home,2
Started From the Bottom,2
Colossus,1
Bitch Bad,2
Enter Galactic (Love Connection Part I),1
All Along,2
GHOST!,1
Trapped In My Mind,1
Mr!PRD Rager,2
These Worries,1
Marijuana,1
Red Eye,1
Over,1
Over My Dead Body,1
Marvins Room,1
Look What You`ve Done,1
Juicy,1
Mercy!PRD1,3
New God Flow!PRD1,2
Cold!PRD1,2
Somewhereinamerica,1
III!PRD telegraph ave!PRD (`Oakland` by Lloyd),3
From Time,2
In Vein,1
Man On The Moon,2
Night Riders (feat!PRD Travi$ Scott!CMA 2 Chainz!CMA Pusha T & Mad Cobra),1
Wesley`s Theory,1
Go Do That,1
Truce,1
Thats Right (feat!PRD Show Banga),1
Shang Hai,1
Passionfruit,1
Portland,1
SOMEBODY,1
FYE (Mel DeBarge & Take A Daytrip Remix),1
Birthday (feat!PRD Wavyy Mob & Kevink),1
Gyalchester,3
XO TOUR Llif3,3
Party Like A Rock Star,1
Move!CMA Shake!CMA Drop,1
Gotta Get Thru This - D`N`D Radio Edit,1
Bust A Move,1
Cheers (Drink To That),1
Can`t Believe It,2
What`s Luv!QST (feat!PRD Ashanti) - Clean Version featuring Ashanti,1
Get Low - Street,3
Pop!CMA Lock & Drop It - Video Edit,1
Snap Yo Fingers,2
Tipsy - Club Mix,3
Right Thurr,3
It`s Goin` Down (feat!PRD Nitti) - Feat!PRD Nitti Explicit Album Version,1
One!CMA Two Step,2
Run It!,2
Buy U a Drank (Shawty Snappin`),2
Ignition - Remix,5
Ride Wit Me,2
Suga Suga,3
It Wasn`t Me,4
Kiss Kiss,3
Me & U,2
Shake,1
Ms!PRD Jackson,3
So Fresh!CMA So Clean,2
Move Ya Body,2
Let Me Love You,3
Promiscuous,2
Crank That (Soulja Boy),2
I`m Sprung - German Remix Featuring Kool Savas,2
Disco Inferno,2
No Scrubs,1
Yo (Excuse Me Miss),3
Confessions Part II - Confessions Special Edition Version,2
Crazy In Love,3
Say My Name,3
Waterfalls,1
Creep,1
Unpretty,1
Poison,2
Lose Control (feat!PRD Ciara & Fat Man Scoop),2
Chain Hang Low,2
Got Your Money (feat!PRD Kelis),1
Love Like This,1
Return Of The Mack,1
Return Of The Mack - C & J Street Mix,1
The Rain (Supa Dupa Fly),1
Cupid,2
The Boy Is Mine,1
Donald Trump,1
Freestyle 4,10
9,2
Redemption,2
Faithful,1
Still Here,1
Controlla,3
Fire & Desire,1
Sunday Candy,1
Monstas & Villains,1
Low Lights,9
Frank`s Track,7
Siiiiiiiiilver Surffffeeeeer Intermission,7
I Am A God,9
One Night,3
Minnesota,2
All Night Longer,1
Ride,4
RoboCop,9
Pinocchio Story (Freestyle Live From Singapore),7
I`m In It,10
Wake Up Mr!PRD West,10
Skit #1 (Kanye West!FSLLate Registration),10
Skit #2 (Kanye West!FSLLate Registration),10
Skit #3 (Kanye West!FSLLate Registration),10
Skit #4 (Kanye West!FSLLate Registration),10
Late,12
Intro,9
Graduation Day,9
I`ll Fly Away,9
Workout Plan,9
School Spirit Skit 1,8
School Spirit Skit 2,8
Lil Jimmy Skit,8
To The World,1
Higher,2
Sin City,2
The One,2
Creepers,1
Bliss,2
That`s My Bitch,7
Illest Motherf!AST!ASTker Alive,7
The Coolest,1
I Got 5 On It - Feat!PRD Michael Marshall,1
Multiply,2
Lucifer,2
Bar For Bar,1
The Recipe - Bonus Track,2
Shadowboxin`,1
Gin And Juice (feat!PRD Dat Nigga Daz),2
Lord,1
Psychopath Killer,1
Thug,2
The Return,1
You Got Me,3
We Alright,1
Induction Speech,1
Holy Ghost,1
Canal St!PRD,1
Pirates,1
Searching for Some Beautiful,1
Gods Reign (feat!PRD Sza),1
Go Get It,2
Poppin Bottles (feat!PRD Drake),1
Trap Back Jumpin,1
Hold Up,1
I`m Goin In,2
We In This 1!PRD5 (feat!PRD Drake and Future),1
Paparazzi - Live,1
Pay for It (feat!PRD Kendrick Lamar & Chantal),2
Black Superman,1
One Of Us,1
Wild International,1
Deep,1
I`m The Man,1
Gotta Lotta,1
You Don`t Own Me,1
LA Confidential,1
B!PRDL!PRDO!PRDW!PRD,1
Pound Cake !FSL Paris Morton Music 2,2
I`m Supposed To Die Tonight,2
PMW (All I Really Need),2
Sho Nugg,1
Timmy Turner,1
Tell Stories (Interlude),1
Fill The Void,1
Round Whippin`,1
Ice Cream Man,1
Sleep Walk,1
Detroit Vs!PRD Everybody,1
Hell Of A Night,1
What They Want,1
untitled 07 !BAR levitate,1
Down,1
Words I Never Said (feat!PRD Skylar Grey) - feat!PRD Skylar Grey,1
The Format,1
Protect Ya Neck,1
Elvis,1
PRBLMS,1
We Built This City,1
Yamborghini High,1
Scholarships,2
Fire,1
Norf Norf,2
Grief,1
Diamonds Dancing,1
Madonna,1
Hell,1
Charged Up,1
Rusty,1
Alchemy,1
Wu-Tang Forever,2
Phone Numbers,1
Blue Suede,1
Phoenix,1
Thought It Was a Drought,1
Fashion Killa,1
I Come Apart,1
Top Back,2
Jumpman,3
Up All Night,1
Long Live A$AP,1
Amen - feat!PRD Drake,1
Lemonade,2
Giving Tree,1
Señorita,3
Bad - Remix feat!PRD Rihanna,1
No Type,1
Jump Off The Roof,1
Brand New - Dirty,1
Handsome And Wealthy,2
Bouncin,1
Jimmy Choo,1
Ain`t No Time,1
Miss Me,1
679 (feat!PRD Monty),1
Superheroes (feat!PRD ASAP Rocky),1
Hate It Or Love It,3
Before the Vomit,1
65 Hunnid,1
IFHY,1
Strange Ways,1
Groovy Tony,1
Hercules,1
Views,1
Aquafina (feat!PRD GoldLink & Chaz French),1
6PM In New York,1
Figure it Out,3
Hate Bein` Sober,1
X (feat!PRD Future),1
Do Yoga,2
Margielas,1
Hallelujah,4
way back,1
coordinate,2
wonderful,1
Danger,1
Icy - Remix,1
The Motto,1
Gassed Up,1
Chill Bill,2
Tiimmy Turner,1
Telephone Calls,1
Mixtape (feat!PRD Young Thug & Lil Yachty),1
Bachelor,1
T-Shirt,2
Bad and Boujee (feat!PRD Lil Uzi Vert),5
No Heart,1
Free Smoke,1
Ice Melts,1
WISH YOU WELL,1
Mask Off,2
Magnolia,2
Everything 1k,1
Bad B!ASTtch,1
RAF,1
Of Course We Ghetto Flowers (feat!PRD Playboi Carti & Offset),1
Met Gala (feat!PRD Offset),1
Glow Up,1
Real Chill,1
Butterfly Effect,2
Big Fish,2
No Complaints,1
Tomorrow Til Infinity (feat!PRD Gunna),1
Diamonds,1
November,1
Shake It Up,1
Who Dat Boy,1
Mad Man,1
Feels So Good,1
Where This Flower Blooms,1
rockstar,1
Curve (feat!PRD The Weeknd),1
No Cap,1
Three,1
Bank Account,1
What I`m `bout (feat!PRD J!PRD Davi$),1
Patek Water,1
Say A`,1
Transylvania,1
4 AM,2
Audi!PRD,1
She Knows,2
Can`t Get Enough,1
Show Da World (feat!PRD Kiara),1
All Me,2
03` Bonnie & Clyde,3
Love In Ya Mouth,1
Put It On Me,1
Down A!AST!AST B!AST!ASTch,2
The Way I Live - Main Explicit,1
New Flame,1
Never Satisfied,1
Beez Like,1
Till I Die,1
We Do It For Fun Pt!PRD 2,1
Lil Bit,1
Kno One,1
Fresh Az I`m Iz,1
30 Something,1
Big Rings,1
I`m The Plug,2
Solo Dolo Part II,1
Simple As!PRD!PRD!PRD,1
Heart Of A Lion (Kid Cudi Theme Music),1
My World,1
Sky Might Fall,1
Alive (nightmare),1
Cudi Zone,1
Hyyerr,1
Up Up & Away,1
Connect,1
The Language,1
305 To My City,1
Too Much,1
Come Thru,2
Addicted To My Ex,1
Save The Children,1
Greenbax (Introlude),1
Piece of Mind,1
Big Dusty,1
Hazeus View,1
Like Me (feat!PRD BJ The Chicago Kid),2
Belly of the Beast (feat!PRD Chronixx),1
No!PRD 99,1
Christ Conscious,1
On & On (feat!PRD Maverick Sabre & Dyemond Lewis),1
Escape 120 (feat!PRD Raury),1
Black Beetles,1
O!PRDC!PRDB!PRD,1
Curry Chicken,1
Run Up On Ya (feat!PRD Action Bronson & Elle Varner) (Bonus),1
Teach Me,1
Fresh Prince,1
New God Flow,4
Tiimmy Turner - Remix,4
M!PRDP!PRDA!PRD,1
Jukebox Joints,3
Marvin & Chardonnay,5
Run This Town,3
E!PRDT!PRD - feat!PRD Kanye West,1
Work Out,3
Uptown,1
Stressed Out,3
Get Money - LP-Explicit Version,1
Victory (feat!PRD The Notorious B!PRDI!PRDG!PRD & Busta Rhymes),1
Of All Things,1
Stubborn Love,1
Wake Me Up - Radio Edit,1
The Funeral,1
Too Afraid To Love You,1
The Suburbs,1
Ready To Start,1
Rebellion (Lies),1
Neighborhood #1 (Tunnels),1
Stan The Man,1
Use Me,2
Anna Sun,1
Into The Mystic,1
The Lightning Strike (What If This Storm Ends!QST),1
The View From The Afternoon,1
From The Ritz To The Rubble,1
Trojans,1
Center Stage,1
Chartreuse,1
Come a Little Closer,2
Shake Me Down,1
Ain`t No Rest for the Wicked - Original Version,1
Whole Lotta Love,2
Black Dog,2
Immigrant Song,2
Stairway To Heaven,2
Two Against One (feat!PRD Jack White),1
Revenge (feat!PRD The Flaming Lips),1
Helena Beat,1
E-Pro,1
Du hast,1
Alive,1
The Girl,1
I Sat By The Ocean,1
My God Is The Sun,1
Can`t Pretend,1
Walking On A Dream,1
We Are the People,1
DNA - Calvin Harris Remix Edit,1
Cough Syrup,1
It`s About Time,1
Out Of Control,1
Tear You Apart,1
The Ghost Inside,1
October,1
Doomsday,1
The High Road,1
Bangarang (feat!PRD Sirah),1
I`m Not Alone - Extended Mix,1
Drinking from the Bottle,1
Tiny Dancer,1
Colours,1
Heads Will Roll - A-Trak Remix Radio Edit,2
Heads Will Roll,1
The Bird And The Worm,1
Cute Without The `E` (Cut From The Team),1
A Decade Under The Influence,1
This Photograph Is Proof (I Know You Know),1
The Hell Song,1
PDA,1
Americana,1
The Hand That Feeds,1
Guilty Conscience,1
Before I Forget,1
Peter Piper,1
Comin` Home,1
Rosa Parks,1
B!PRDO!PRDB!PRD,1
Another Love,1
Skinny Love,1
Hurricane,1
Bones,1
Foundations - Full Version,2
Sister,1
Coming of Age,1
Modern Jesus,1
Hang Me Up To Dry,1
Club Foot,1
Many Men (Wish Death),2
The Monster,1
Ways To Go,1
New Low,1
An Honest Mistake,1
Get Free,1
Song 2 - 2012 Remastered Version,1
Fell In Love With A Girl,1
Dead Leaves And The Dirty Ground,1
Sweet Disposition,1
Judith,1
Passive,1
Good Feeling,1
Jolene - Live,1
Are You What You Want to Be!QST,1
Call It What You Want,1
Reflektor,1
Afterlife,1
Normal Person,1
Think of You,1
Holding on for Life,1
Perfect World,2
Home,3
Planet Rock - Rerecorded,1
Here Without You,1
Doses & Mimosas,2
When I`m Gone,1
Give It All,1
Injection,1
Prayer Of The Refugee,1
The Good Left Undone,1
Savior,2
Bleed Black,1
The Days Of The Phoenix,1
He Who Laughs Last!PRD!PRD!PRD,1
What You Are,1
Carmina Burana!SMI Fortuna Imperatrix Mundi!SMI O Fortuna,1
Run - Revised Album Version,1
Light of the Morning,1
(Can`t Get My) Head Around You,1
The Kids Aren`t Alright,1
Self Esteem,1
Here I Come,1
New Dark Ages,1
Los Angeles Is Burning,1
Wait And Bleed,1
Fight The Power,1
King of Rock,1
Mama!CMA I`m Coming Home,1
Johnny B!PRD Goode,1
Ball Of Confusion (That`s What The World Is Today) - Single Version !FSL Mono,1
3 Sheets To The Wind [What`s My Name],1
El Paso,1
Rolling in the Deep,1
Soldier,1
Without Me,1
Hailie`s Song,1
Ring of Fire - Mono Version,1
Folsom Prison Blues - Live,1
Hurt,2
It Ain`t Me!CMA Babe,1
Jackson,1
Everybody Wants To Rule The World - From “The Hunger Games!SMI Catching Fire” !FSL Soundtrack,1
Rock & Roll Queen,1
One Mic,3
If I Ruled the World (Imagine That),1
N!PRDY!PRD State of Mind,3
Step Out,1
Dirty Paws,1
Stay Alive,1
Far Away,1
Don`t Let It Pass,1
Lake Michigan,1
Space Oddity - Mitty Mix,1
Maneater,1
All of Me,1
All of Me (Tiësto`s Birthday Treatment Remix) - Radio Edit,1
Chandelier,1
Back In Black,2
Thunderstruck,1
The Razors Edge,1
Hells Bells,1
For Those About to Rock (We Salute You),1
Highway to Hell,1
Hello,2
First,1
Shoot to Thrill,1
Kickstart My Heart,1
Just Like You Imagined,1
Little Sister,1
The Ghost Of You,1
Pet,1
Take Me To Church,2
Someone New,1
Diamonds From Sierra Leone - Remix,2
!AST!ASTBonus Track!AST!AST Diamonds From Sierra Leone,2
Castro,2
Ballin,2
Don`t Forget `Em (Remix) [feat!PRD Kanye West],2
Guard Down (feat!PRD Kanye West & Diddy),2
Mula (feat!PRD Kanye West),2
Piss On Your Grave,2
I Wish You Would,2
Swagga Like Us,3
Ego - Remix,2
Glow,2
This Ain`t A Scene!CMA It`s An Arms Race - Kanye West Remix (Explicit Main Verson),2
Knock You Down,4
Because Of You - Remix,2
Alors On Danse,2
American Boy (feat!PRD Kanye West),3
Put On,2
Diamonds - Remix,2
Nobody (feat!PRD Kanye West),2
Wiseman,1
Sweet Honey,1
Babylon Is Falling,1
Till It Gets Wet,1
Collie Man,1
Wrong Way,1
Smoke Two Joints,1
Garden Grove,1
Buffalo Soldier,1
Is This Love,1
Three Little Birds,1
Could You Be Loved,2
One Love !FSL People Get Ready,1
Jamming,2
Redemption Song,1
Easy Skanking,1
Jammin`,1
No Woman No Cry,1
Get Up!CMA Stand Up,1
I Shot The Sheriff,1
Exodus,1
One Day - New Album Version,1
King Without a Crown,1
King Without a Crown - Live,1
One Day,1
Jerusalem,1
Youth,1
Chop `em Down - Live,1
Chop `em Down,1
Amber,1
Beautiful Disaster,2
All Mixed Up,1
Doin` Time,1
World-A-Reggae,1
Pimper`s Paradise,1
Bad Seeds,1
No Rain,1
Flake,1
Fortunate Fool,1
You And Your Heart,1
Better Together,1
Never Know,1
Banana Pancakes,1
Good People,1
No Other Way,1
Sitting!CMA Waiting!CMA Wishing,1
Staple It Together,1
Crying Shame,1
If I Could,1
Breakdown,1
Do You Remember,1
Constellations,1
Belle,1
Traffic In The Sky,1
Taylor,1
Free Fallin` - Live at the Nokia Theatre,1
Your Body Is a Wonderland,1
Who Says,1
Half of My Heart,1
Waiting On the World to Change,1
Stop This Train - Live at the Nokia Theatre,1
Gravity,2
Slow Dancing in a Burning Room,1
Dreaming with a Broken Heart,1
Say,2
Put Your Records On,1
Like a Star,1
Back To Black,1
Valerie - Live At BBC Radio 1 Live Lounge!CMA London !FSL 2007,2
Rehab,1
You Know I`m No Good,1
Tears Dry On Their Own,1
Me & Mr Jones,1
Love Is A Losing Game,1
Super Duper Love,1
L-O-V-E,1
Fell In Love With A Boy,1
I Try,1
Lucky,1
Brighter Than The Sun,1
Realize,1
Try,1
King of Anything,1
You and I,1
Can`t Help Falling In Love - Recorded Live at Daytrotter,1
The Way I Am,2
Everybody,2
Keep Breathing,1
Extraordinary (feat!PRD Sharna Bass),1
Come Over (feat!PRD Stylo G),1
The Adventures Of Rain Dance Maggie,1
Stadium Arcadium,1
Hump de Bump,1
Torture Me,1
Hey,1
21st Century,1
Tell Me Baby,1
The Zephyr Song,1
On Mercury,1
Suck My Kiss,1
Blood Sugar Sex Magik,1
Bring It On,1
Caress Me Down,1
Wind Blow,1
Movin` On,1
Bang Bang,2
Used To Get High,1
If I Was President,1
Jump Right In,1
Save Room,2
She`s Royal,1
Never Let You Go - 2008 Version,1
I Can Love You Better,1
Wide Open Spaces,1
Loving Arms,1
Long Time Gone,1
Landslide,1
Travelin` Soldier,1
White Trash Wedding,1
A Home,1
Cowboy Take Me Away,1
Sin Wagon,1
Fuck You,2
Knock `Em Out,1
LDN,1
Alfie,1
Somewhere Only We Know,2
Hard Out Here,1
Let`s Do It Again,1
When We Were Young,1
Chasing Pavements,1
DUELE EL CORAZON,1
Work - R3hab Remix,1
Slip Slide,1
Ginza,1
Hasta el Amanecer,1
Malibu,1
Reflections,1
Machine,1
Our Own House,1
Drummer Boy,1
Chasing This,1
Only Human,1
Revolution,1
My Brother,1
Out Of Tune Piano,1
Coloring Outside The Lines,1
Band Camp,1
Oh Love,1
Let The Light In,1
Slide,3
Fresh Air,1
Dab of Ranch - Recorded at Spotify Studios NYC,1
Get Right Witcha,1
Happy Place (feat!PRD Brill),1
Call Casting,1
Brown Paper Bag,1
Incredible,1
Slippery (feat!PRD Gucci Mane),1
Lookin Exotic,1
Big On Big,1
What The Price,1
Deadz (feat!PRD 2 Chainz),1
POA,1
All Ass,1
Kelly Price (feat!PRD Travis Scott),1
New Illuminati,1
Super Trapper,1
Hannah Montana,1
Slave II,1
Super Mario World,1
Look at Me!,1
Pneumonia,1
Come Get Her,3
iSpy (feat!PRD Lil Yachty),2
Fight Night,1
Ain`t it Funny,1
Really Doe,1
25 Bucks (feat!PRD Purity Ring),1
Culture (feat!PRD DJ Khaled),1
Out Yo Way,1
Bounce Back,3
Baby Blue (feat!PRD Chance the Rapper),1
HeadBand (feat!PRD 2 Chainz),2
F!ASTck Up Some Commas,1
Chanel,1
Like Woah,1
This Could Be Us,1
Check,2
Seven Million (feat!PRD Future),1
Money Longer,1
I Hit It First,1
Wavy (feat!PRD Joe Moses),1
Do What I Want,1
Pop That,1
Rolex,2
Front & Center,1
Good Drank,1
Fellin` Myself,1
THat Part - Black Hippy Remix,1
Erase Your Social,1
Zoom,1
Tunnel Vision,1
Rent Money,1
Swimming Pools (Drank),1
Conscience (feat!PRD Future),1
ROCKABYE BABY (feat!PRD ScHoolboy Q),1
Twenty 8,1
Biking,1
FEEL!PRD,1
Ronda (Winners),1
Patty Cake,1
Dip Dip,1
Foldin Clothes,1
Gospel,1
Still Brazy,1
To the Max,1
Deja Vu,2
Lamborghini Angels,1
Confess,1
Unforgettable,1
BagBak,1
Wet Dreamz,1
For Whom The Bell Tolls,1
Riverdale Rd,1
Poor Fool,1
Rolls Royce Bitch,1
Family Don`t Matter (feat!PRD Millie Go Lightly),1
Blue Cheese,1
Relationship (feat!PRD Future),1
You Said (feat!PRD Quavo),1
For Y`all (feat!PRD Jacquees),1
Do U Love Me,1
Forever Young,1
Congratulations - Remix,1
Don`t Quit,1
Beep Beep,1
Rigamortus,1
Blow My High (Members Only),1
FaceTime,1
Ice Cream Truck,1
Dakota,1
REDMERCEDES,1
Yellow,1
GOD!PRD,1
Came A Long Way,1
Money Made Me Do It,1
$ave Dat Money (feat!PRD Fetty Wap & Rich Homie Quan),2
Switch Lanes,1
Dan Bilzerian,1
r - Cali,1
Ali Bomaye,1
Start Pimpin,1
DOLCE & GABBANA,1
La La,1
Big S!AST!ASTt Poppin` (Do It),1
Money To Blow - Street Version,1
Get It Back (Feat!PRD 2 Chainz),1
Old English,1
How We Do,2
Poppin` Them Thangs,1
Crack A Bottle,1
Fork,1
Devils - Explicit Album Version,1
U!PRDS!PRDA!PRD,1
Westcoastsynthesizerbeachbumgangstermusic,1
Put You On The Game,1
Lord Pretty Flacko Jodye 2 (LPFJ2),1
Semi on Em,1
BM J!PRDR!PRD,1
Grindin’ My Whole Life,1
Nasty (feat!PRD Dro),1
O Let`s Do It - feat!PRD Cap [Explicit Album Version],1
Sewer Surfer,1
I`m Flexin` (feat!PRD Big K!PRDR!PRDI!PRDT!PRD),2
Stay Fly - Explicit Album Version,1
How To Be The Man,1
Fireman - Main,1
What I Learned From The Streets - feat!PRD Shell [Explicit Album Version],1
Country Sh!ASTt (Remix),1
Shook Ones!CMA Pt!PRD II,1
Y-U-Smilin,1
Icy,1
That`s All She Wrote (feat!PRD Eminem),1
Shout Out To My Set - feat!PRD Wooh The Kid,1
Under Pressure,1
Unnecessary,1
Rip,1
They Dont Like Me,1
24 Hours,1
Black Tee,1
Wait (The Whisper Song),2
Feelin` It,1
Can I Live,1
Coming Of Age,1
Wonderin` Why,1
Hate It Or Love It - G-Unit Remix,2
Close To Me,1
Zone 3,1
The Blacker The Berry,1
County Building Blues,1
Dirt Off Your Shoulder,2
Poppin` My Collar - feat!PRD Project Pat - Explicit,1
Breakfast (feat!PRD Waka Flocka & Peewee Longway),1
Peaches N Cream,1
You Can Put It In A Zag!CMA I`mma Put It In A Blunt,1
All Eyez On Me,2
Pulled up (feat!PRD 2 Chainz),1
Damn It Feels Good to Be a Gangsta,2
Pop Bottles - Main,1
Squad Car (feat!PRD Big BankBlack & OG Boo Dirty),1
Servin` Lean,1
Trappin` out a Mansion,1
Going Back To Cali - 2014 Remastered Version,1
Excuse Me,1
The Spiteful Chant,1
Jealous,1
Rider (feat!PRD Wiz Khalifa),1
Lean Wit It!CMA Rock Wit It - feat!PRD Peanut & Charlay,1
Party Up,2
Izzo (H!PRDO!PRDV!PRDA!PRD),2
Too Much (feat!PRD Lizzle & Trey Songz),1
All About The Money,1
Jordan Belfort (feat!PRD Dyl),1
Up Like Trump,1
Look At Wrist,1
Stick Talk,1
Blasé (feat!PRD Future & Rae Sremmurd),1
730,1
Workin,1
Skyscraper (feat!PRD Logic!CMA King Chip),1
Real Sisters,1
Lamborghini,1
100 Grandkids,1
Live From The Gutter,1
Headlines,1
Space Bound,1
Play No Games,1
Letter Home,1
Green Light,3
Party,1
A Song for Her,1
Cooler Than Me - Single Mix,1
Out Of My League,1
Break Free,1
Birthday Sex,1
Fire Fly,1
Mirror Maru,1
II!PRD shadows,1
Barely Breathing,1
Follow You Down,1
Shortie Like Mine,1
Never Told,1
Not a Bad Thing,1
Find Your Love,2
Jenny Was A Friend Of Mine,1
Y Sigues Siendo Tú,1
Cool,1
Mrs!PRD Officer,2
All The Shine,1
No Easy Way Out,1
II!PRD no exit,1
Wetter (Calling You Daddy),2
Wonderwall - Remastered,2
Don`t Tell Me You Love Me,1
LES,1
Let Me Hold You,2
Marry You,1
Drunk in Love Remix,1
Spectrum,1
God`s Gift,1
Supernova,1
Kiss Me,1
Playing Around Before The Party Starts,1
You And Your Friends (feat!PRD Snoop Dogg & Ty Dolla $ign),1
Do You Know!QST (The Ping Pong Song),1
Like You,2
Get It Shawty - Main,2
Ryda (feat!PRD Dej Loaf),1
I!PRD the party,1
Knockin` Boots,1
Trapecista,1
Bizarre Love Triangle,1
III!PRD urn,1
Burning Bills (feat!PRD Lunice),1
God Is Great,1
What Ya Used To [feat!PRD Hit-Boy],1
How I Live (feat!PRD Jab),1
No Buzz,1
Gangsta Bop,1
I`m So Paid,1
If I Can`t,1
Lifes On The Line,1
Crest Creeper (Stupid Doo Doo Dumb),1
Ayo For Yayo,1
Smoke Dope and Rap,1
4am - Bay Bridge Music,1
The Family,1
Don’t You Cry,1
Filthy America,1
Favor for a Favor,1
I Must Be High,1
In My Hood,2
Bloody War,1
Seen It All,1
Bottom Of The Map,1
Gangsta Music,1
Lose My Mind,1
Trap House,1
Mexican Radio,1
Mind Playing Tricks on Me,1
Notorious Thugs - 2014 Remastered Version,1
Hail Mary - Album Version (Edited),1
Po Pimp,1
All Over Me,1
Summer Nights,1
Do U!QST,1
No More Pain,1
Slippin` - Edited Version,1
Rock Bottom,1
Patty Cake (feat!PRD DJ Mustard),1
Circles,1
Ski Mask Way (Eminem Remix),1
Cry Now - Shady Remix,1
I`ma Ride G Mix (feat!PRD Problem!CMA Roscoe!CMA Mac Lucci!CMA Vibe!CMA Britizen Kane!CMA R Land & Big Doty),1
Sun Goes Down,1
Club House,1
Hu$tle,1
Choices (Yup),1
Chosen (feat!PRD T!PRDI!PRD!CMA B!PRDo!PRDB!CMA Spodee),1
Hero,1
Game Time,1
Skitzo,1
California,1
Really Really,1
2 Presidents,1
Schemin Up (feat!PRD Drake and P!PRD Reign),1
We Them Niggas,1
Beat up the Block,1
Biggie,1
Concentrate,1
All Eyez On Me (feat!PRD Machine Gun Kelly),1
Battle Cry,1
Seven,1
Time to Rock,1
One Shot 2 Shot,1
Hard Life,1
Renegade,2
Rubber Band Man,1
Alright Alright,1
Dope Out My Window,1
Shades On My Face,1
Airborn (feat!PRD Big K!PRDR!PRDI!PRDT & Killer Mike),1
My City (feat!PRD Dub Go Diesel!CMA B-Eazy!CMA 834!CMA Street Gov & Kae Wun),1
Alpha Omega,1
Bankrolls on Deck,1
Damien,1
9000 Watts,1
Theory of the Low End,1
Start From Scratch,1
Westside Story,1
Block Wars,1
You Don`t Know,1
Patiently Waiting,1
Hustler`s Ambition,1
I Get Money,1
I`ll Still Kill,1
Curtis 187,1
Fully Loaded Clip,1
Ski Mask Way,1
A Baltimore Love Thing,1
High All The Time,1
Don`t Push Me,1
I`ll Whip Ya Head Boy - Remix (Explicit Version),1
8 More Miles - Freestyle,1
Blood Pressure,1
Dead Wrong (feat!PRD Eminem),1
Ten Crack Commandments - 2014 Remastered Version,1
It Has Been Said (feat!PRD Diddy!CMA Eminem and Obie Trice),1
Living in Pain (feat!PRD 2Pac!CMA Mary J!PRD Blige and Nas),1
Beef (feat!PRD Mobb Deep),1
Hustler`s Story (feat!PRD Scarface!CMA Akon and Big Gee),1
Breakin` Old Habits (feat!PRD T!PRDI!PRD and Slim Thug),1
Hold Ya Head (feat!PRD Bob Marley),1
Suicidal Thoughts,1
Who Shot Ya,1
Martians Vs Goblins,1
LAX Files,1
Bulletproof Diaries,1
Cali Sunshine,1
Big Dreams,1
Doctor`s Advocate,1
Ol` English,1
It`s Okay (One Blood),1
Echo - Explicit Album Version,1
Oxy Cotton,1
Good Times,1
Street Niggaz,1
I Luv It,1
I`m Me,1
Bang,1
Air Forces,1
Money In The Bank - Remix feat!PRD Young Buck,1
Side 2 Side - feat!PRD Bow Wow & Project Pat - Explicit,1
White House,1
I`m A G,1
No Love,1
Hustler Musik,1
This Is The Carter,1
My Smokin` Song,1
Duffle Bag Boy,1
Red Rum,1
Streets Raised Me,1
Freaky Girl,1
Georgia… Bush,1
9MM,1
Mr!PRD Carter,1
Deuces Remix - f!FSLDrake!CMA Kanye West & André 3000 - Explicit Version,1
Make a Toast - Main,1
Superman,1
Mobb Shit,1
Hell Yeah,1
Pop Ya Collar,1
Mob Style Musik - featuring JT The Bigga Figga,1
Bounce Wit Me,1
Drugs,1
It`s Getting Hot,1
Bottles Up,1
That Go feat!PRD Prodigy & Alchemist,1
Burden Of His Youth - Album (Explicit),1
Foreign,1
Drought,1
Sideshow (Remix),1
I Swear (feat!PRD Buddy),1
Lyrical Exercise- Problem,1
Houston Nights,1
Slugs,1
Swangin In the Rain - Remix,1
Girl - Explicit Album Version,1
True - Feat!PRD Lil` Flip,1
I Run - Feat!PRD Yelawolf,1
Welcome 2 Houston - Feat!PRD Chamillioniare!CMA Paul Wall!CMA Mike Jones!CMA Ugk!CMA Lil Keke!CMA Z-ro!CMA Trae!CMA Rob G!CMA Lil O!CMA Big Pokey!CMA Mike D & Yung Redd,1
Chunk Up the Deuce (feat!PRD U!PRDG!PRDK!PRD & Paul Wall),1
Rolling on Swangaz (feat!PRD Z-Ro & Chris Ward) - Remix,1
Grey Cassette,1
Ain`t No Nigga Like Me,1
Doe Boy Freah (feat!PRD Chamillionaire),1
It’s Going Down (The King & The Boss),1
Addicted,2
Nevermind Me,1
04,1
In the Club,1
H!PRDO!PRDT!PRDY!PRD,1
Mo Fire,1
Let The Beat Build,1
Phone Home,1
Dr!PRD Carter,1
The Crackhouse,1
Gunz Come Out,1
Rollout (My Business),2
Memories On 47th St!PRD,1
Get The Fuck Back,1
Get Back,1
Filthy Rich,1
I`m Throwed (feat!PRD Jermaine Dupri) - feat!PRD Jermaine Dupri Explicit Album Version,1
Yeah!,2
Sweet Home Alabama,1
Oops!!PRD!PRD!PRDI Did It Again,1
Wannabe - Radio Edit,1
Since U Been Gone,1
Stacy`s Mom,1
It`s Tricky,1
Fergalicious,2
Hips Don`t Lie,1
SexyBack,1
!PRD!PRD!PRDBaby One More Time,1
Beautiful Girls,2
Bohemian Rhapsody - Remastered 2011,2
Break Your Heart,1
Bubbly,1
Burnin` Up,1
Come On Eileen,2
Complicated,1
Disturbia,1
Don`t Phunk With My Heart,1
Don`t Stop The Music,1
Dynamite,1
Get The Party Started,1
Get Ur Freak On,1
Glamorous,2
Hey There Delilah,1
Hollaback Girl,2
In My Head,2
Lovebug,1
My Love,2
Party In The U!PRDS!PRDA!PRD,1
Replay,1
Rich Girl,1
Rock Your Body,1
Shut Up And Drive,1
Single Ladies (Put a Ring on It),3
Sk8er Boi,1
So Yesterday,1
The Sweet Escape,2
Umbrella,1
When I Grow Up,1
Where Is The Love!QST,1
Work It,1
Ironic - 2015 Remastered,1
Love Song,1
The Way I Are,1
Rock That Body,1
Fallin`,1
Irreplaceable,2
Iris,2
Pon de Replay,2
Man in the Mirror - 2012 Remaster,3
Bleeding Love,1
Imma Be,1
Rocketeer,1
If I Were a Boy,2
Low (feat T-Pain) - Feat T-Pain Album Version,1
Wanted Dead Or Alive,1
I Want It That Way,1
I Gotta Feeling,1
DJ Got Us Fallin` In Love,1
Dilemma,2
Boom Boom Pow,1
Africa,2
P!PRDY!PRDT!PRD (Pretty Young Thing),1
U Got It Bad,2
Just Like A Pill - Main,1
Don`t Let Me Get Me - LP Version!FSLRadio Edit,1
Before He Cheats,1
Live Your Life (feat!PRD Rihanna),1
Go Your Own Way - 2004 Remastered Edition,1
I Like It,1
Hot In Herre,1
Crazy,2
In The End,1
Milkshake,2
Wherever You Will Go,1
Whenever!CMA Wherever,1
A Thousand Miles,1
Superstar (feat!PRD Matthew Santos),1
All Star,1
Hey!CMA Soul Sister,1
My Humps,2
Smack That - Dirty,1
Drop It Like It`s Hot,1
I Want You Back,2
Walk This Way,2
Livin` On A Prayer,2
You Give Love A Bad Name,1
Dream On,1
California Love - Original Version,1
This Is How We Do It,2
Billie Jean,3
Beat It - Single Version,3
Don`t Stop `Til You Get Enough - Single Version,2
Gasolina Budda Remix - Remix,1
Girls Just Want to Have Fun,1
Jessie`s Girl,1
Don`t Stop Believin`,1
Eye of the Tiger,1
Total Eclipse of The Heart,1
867-5309 !FSL Jenny,1
Never Gonna Give You Up,1
Hit Me With Your Best Shot,1
Rio,1
You Shook Me All Night Long,1
Material Girl,1
Jump - 2015 Remastered Version,1
Under Pressure - Remastered 2011,1
We Got The Beat,1
Everybody Wants To Rule The World,2
Like A Virgin,2
All Night Long (All Night) - Single Version,1
Don`t Speak,1
Rock with You - Single Version,2
What a Girl Wants,1
Cotton Eye Joe,1
Mo Money Mo Problems (feat!PRD Mase & Puff Daddy) - 2014 Remastered Version,1
I Kissed a Girl,1
Cry Me a River,2
Love On Top,1
Countdown,1
Forgot About Dre,2
Spirit In The Sky,1
Ain`t No Mountain High Enough,1
Mr!PRD Blue Sky,1
The Chain - Remastered,1
Beach Is Better,1
No More Parties in L!PRDa!PRD,1
GO!,1
Another You (feat!PRD Kanye West),1
Amen (feat!PRD Kanye West & Young Jeezy),1
Evare - From `Premam`,1
Aluva Puzha - From `Premam`,1
Are You Gonna Be My Girl,1
Don`t Look Back in Anger - Remastered,1
This Town,1
Bad Things (with Camila Cabello),1
Wild Things,2
Middle,2
Say You Won`t Let Go,1
You & I,1
Uppenantha,1
Aaradugula Bullet,1
Deva Devam,1
Ninnu Chudagaane,1
Crazy Feeling,1
Kar Gayi Chull (From `Kapoor & Sons (Since 1921)`),1
Immortal,1
Breakup Party,1
Yaa Yaa,1
Anasuya Kosam,1
Rang De,1
Fire Squad,1
I`m Bo Yo,1
Good Times Bad Times,1
Dazed And Confused,1
Gallows Pole,1
All Day And All Of The Night,1
The Bridge Is Over,1
Renegades,1
That`s How I Got To Memphis,1
Criminal Minded,1
Love`s Gonna Get`cha (Material Love),1
Fake Plastic Trees,1
South Bronx,1
21st Century Breakdown,1
Still Not a Player (Remix) - Radio Version,3
Pictures Of You - Remastered,1
1979,1
Tha Crossroads,2
I Saw Her Standing There,1
Before I`m Gone,1
Unleash The Dragon,1
Thong Song,2
Get It On Tonite,1
X Gon` Give It To Ya,1
What These Bitches Want,1
My Name Is,2
Just Don`t Give A Fuck,1
Kill You,1
Stan,1
Who Knew,1
The Real Slim Shady,2
I`m Back,1
Marshall Mathers,1
Drug Ballad,1
Bitch Please II,2
Kim,1
Criminal,1
Brenda`s Got A Baby,1
Keep Ya Head Up,1
I Get Around,1
So Many Tears,1
Temptations,1
Dear Mama,1
Can U Get Away,1
Ambitionz Az A Ridah,1
All About U,1
How Do U Want It,1
2 Of Amerikaz Most Wanted,1
Life Goes On - Album Version (Edited),1
Only God Can Judge Me,1
California Love (remix),1
I Ain`t Mad At Cha - Album Version (Edited),1
Can`t C Me,1
Shorty Wanna Be A Thug,1
Ratha Be Ya N____,1
Are U Still Down!QST,1
Who`s Lovin You,1
Feels Good,2
It Never Rains (In Southern California),1
If I Had No Loot,1
(Lay Your Head On My) Pillow,1
Anniversary,1
Now That We`re Done,1
Can I Touch You,1
Only You-Bad Boy Remix (feat!PRD The Notorious B!PRDI!PRDG!PRD & Mase),1
In Love With You,1
Anywhere,1
Peaches And Cream,1
Stay,2
Come & Talk To Me,1
Forever My Lady,1
My Heart Belongs To U,1
Cry For You,1
Feenin`,1
What About Us,1
Can We Flo!QST,1
Zipper,1
Let`s Do It All,1
Freek`n You,1
4 U,1
Whatever U Want,1
In My Bed,1
Where I Wanna Be,1
Where the Party At,3
Tell Me It`s Real,1
Pony,1
Back & Forth,1
No Diggity,1
Motownphilly,2
Bump n` Grind,1
You Remind Me of Something,1
Down Low (Nobody Has to Know),1
Tempo Slow,1
I Believe I Can Fly,1
Fiesta - Album Version (Street),1
Feelin` On Yo Booty,1
Step In the Name of Love - Remix,1
Snake,1
Who`s That - Edited,1
Hey Lover,1
Doin` It,1
Around The Way Girl,1
I`m Bad,1
Going Back To Cali,1
Big Ole Butt,1
Loungin (Who Do Ya Luv) - Remix,1
The Watcher,1
What`s The Difference,1
Murder Was The Case (Death After Visualizing Eternity) (feat!PRD Dat Nigga Daz),1
Who Am I (What`s My Name)!QST,1
Ain`t No Fun (If the Homies Cant Have None) (feat!PRD Nate Dogg!CMA Warren G & Kurupt),1
Pump Pump (feat!PRD Lil` Malik),1
Bitch Please - Feat!PRD Xzibit,1
Lay Low - Feat!PRD Master P!CMA Nate Dogg!CMA Butch Cassidy And Tha Eastsidaz,1
Just Another Day,1
Nobody Does It Better,1
Wicked,1
Ghetto Bird,1
Fuck Tha Police,1
Dopeman - Remix,1
Express Yourself - Extended Mix,1
Straight Outta Compton - Extended Mix,1
Alwayz Into Somethin`,1
What`s Luv!QST (feat!PRD Ja-Rule & Ashanti) - Featuring Ja-Rule & Ashanti Explicit Album Version,2
Been Around The World (feat!PRD The Notorious B!PRDI!PRDG!PRD & Mase),1
It`s All About The Benjamins (feat!PRD The Notorious B!PRDI!PRDG!PRD!CMA Lil` Kim & The Lox) - Remix,1
Senorita,1
I`ll Be Missing You (feat!PRD Faith Evans & 112),1
Can`t Nobody Hold Me Down (feat!PRD Mase),1
Kiss From A Rose,1
Paid In Full - Seven Minutes Of Music - The Coldcut Remix,1
Children`s Story,1
Jump Around,1
I Miss You,1
You`re Makin` Me High,1
You Make Me Wanna!PRD!PRD!PRD,2
Nice & Slow,1
My Way,1
The Way You Make Me Feel - 2012 Remaster,1
Bad - 2012 Remaster,1
Thriller,1
The Girl Is Mine,1
Remember the Time,1
You Are Not Alone,1
Lately,1
Sweet Lady,1
Pullin` Me Back,1
Vivrant Thing,1
Southern Hospitality (Featuring Pharrell),1
Area Codes,2
Saturday (Oooh! Ooooh!),1
Game Over,1
Sunshine - Explicit Album Version,2
Passin` Me By,1
25 Lighters,1
Real Big,1
Shake Ya Ass,1
Danger (Been So Long) featuring Nivea,1
I`m a Thug,1
Still Fly,1
Get Your Roll On,1
I Can Do Dat,1
If I Should Die,1
Nigga what!CMA Nigga Who,1
Money!CMA Cash!CMA Hoes,1
Money Ain`t a Thang,1
Big Pimpin` - Radio Edit,1
There`s Been A Murder,1
I Just Wanna Love U (Give It 2 Me),1
This Can`t Be Life,1
The Ruler`s Back,1
Takeover,1
Girls!CMA Girls!CMA Girls,1
Jigga That Nigga,1
U Don`t Know,1
Hola` Hovito,1
Heart Of The City (Ain`t No Love),1
Never Change,1
Girls!CMA Girls!CMA Girls (Part 2),1
A Dream,1
The Bounce,1
Guns & Roses,1
Blueprint 2,1
N!AST!AST!ASTa Please,1
As One,1
Change Clothes,1
Moment Of Clarity,1
99 Problems,2
Justify My Thug,1
Allure,1
The Watcher 2,1
Kush & Corinthians,1
Give Your Heart A Break,1
Lazarus,1
My Only Friend,1
Bye Baby,1
Cherry Wine,1
Successful,2
HYFR (Hell Ya Fucking Right),1
Why Don`t You Love Me,1
Dance for You,1
Silver And Gold,1
Little Hell,1
40 Mark Strasse,1
Twisted,1
The Kill (Bury Me),1
Bizounce - Album Version (Clean),1
Where My Girls At,1
Doing It Wrong,1
Push & Pull,1
Un-thinkable (I`m Ready),2
The Greatest Lie,1
The Difference Between Medicine And Poison Is In The Dose,1
She Don`t Want A Man,1
Another Round (feat!PRD Chris Brown),1
No Room For Doubt (feat!PRD Willy Mason) - feat!PRD Willy Mason,1
I Will Wait,1
Awesome,1
I Believe In Love,1
Here`s My Life,1
Monique`s Room (feat!PRD Fred The Godson),1
Only You,1
Whiskey Lullaby,1
Blue Jeans,1
A Year Without Rain,1
Love You Like A Love Song,1
Sure Thing,1
Let Us Move On,1
Reunion,1
Where The Boats Go,1
Midnight City,1
Beautiful Day,1
If I Die Young,1
Because of You,1
Kids,1
Electric Feel,1
Light On,1
Come Back to Me,1
What`s Left Of Me,1
I Can`t Hate You Anymore,1
Like Me,1
Stupid S!AST!AST!AST,1
Ride For You,1
Sucka For Love,1
Too Little!CMA Too Late - Radio Version,1
This Time,1
Like That,1
You,2
Safe And Sound,1
Born To Die,1
Summertime Sadness,1
Off To The Races,1
Balcony,1
Hear Me Out,1
Lane Boy,1
Migraine,1
Gasoline,1
Berzerk,1
White America,1
Sing For The Moment,1
`Till I Collapse,1
My Mom,1
Old Time`s Sake,1
Without The Sun,1
Inside Out,1
Too Original (feat!PRD Elliphant & Jovi Rockwell),1
Be Together (feat!PRD Wild Belle),1
Powerful (feat!PRD Ellie Goulding & Tarrus Riley),1
Roll The Bass,1
Asshole,1
Heathens,2
Heavydirtysoul,1
Doubt,1
Sail,1
Don`t Mind,1
Until The Day I Die,1
Beautiful,1
Ultimate,1
Hot N!ASTgga,1
House Of Gold,1
Polarize,1
The Run And Go,1
Gold,1
Ode To Sleep,1
Never Forget You,1
The Show Goes On,1
Battle Scars,1
Out Of My Head (feat!PRD Trey Songz) - feat!PRD Trey Songz,1
Coming Up - feat!PRD MDMA,1
BREAK THE CHAIN (feat!PRD Eric Turner & Sway) - feat!PRD Eric Turner & Sway,1
All Black Everything,1
Never Forget You (feat!PRD John Legend) - feat!PRD John Legend,1
Go Go Gadget Flow,1
Jersey,1
Straight Outta Compton,1
Control,1
Young God,1
One Time,1
Got It,1
Lips,1
Murakami,1
Me Too,1
Toothbrush,1
In My Head (ft!PRD RKCB),1
Talking Body,1
Moments,1
My House,1
The Lazy Song,1
Hand Of God - Outro,1
Fun,1
Shake That,1
Shots,1
In the Name of Love,1
All Time Low,1
Good Times Roll,1
Get On Up,1
The Little Things (feat!PRD Angela McCluskey),1
Colors,1
State Run Radio (feat!PRD sELF) - feat!PRD Matt Mahaffey,1
Cinderella Man,1
Sucker For Pain (with Wiz Khalifa!CMA Imagine Dragons!CMA Logic & Ty Dolla $ign feat!PRD X Ambassadors),1
The Mack,1
Setting Fires,1
24K Magic,1
You & Me,1
Unicorn Zombie Apocalypse - Original Mix,1
Fresh Eyes,1
Starving,1
You Know You Like It,1
Call On Me - Ryan Riback Extended Remix,1
Redbone,1
Renaissance,1
Na Na,1
Lgbt,1
Good Kisser,1
Slum Anthem,1
Jordan Belfort,1
Daddy`s Lambo,1
Best Friend,1
Loving You (feat!PRD Ty Dolla $ign),1
About You,1
Disrespectful (feat!PRD Mila J),1
Give In,1
Timeless (DJ SPINKING),1
Cocoa Butter Kisses,1
Cocoon,1
Let Me Know,1
Elastic Heart,1
I`m In Love With Your Body,1
Paris,1
Red Opps,1
Ghost,1
Clint Eastwood,1
Savage Mode,1
Sahara,1
Talk,1
Despacito - Remix,1
Eh Fille,1
Two Weeks,1
Fancy Footwork,1
Bulletproof (by La Roux) vs!PRD Release Me (by Agnes),1
Jealous (I Ain`t With It),1
Dirty Diana - 2012 Remaster,1
In For The Kill - Skream`s Let`s Get Ravey Remix,1
Revolution - feat!PRD Faustix & Imanos and Kai,1
Medley!SMI Let Me Talk to You !FSL My Love,1
Everything Is Everything,1
Get It,1
Chocolate,1
Get On The Good Foot,2
Try A Little Tenderness,1
The Payback,1
Kiss With A Fist,1
I`ve Got A Woman,1
Pusher Love Girl,1
The Way You Move - Club Mix,1
I Wanna Dance with Somebody (Who Loves Me),1
One More Time,1
Domino,1
Take Back the Night,1
Sweet Nothing - Diplo + Grandtheft Remix,1
Money On My Mind,1
I`m Not The Only One,1
Used to Love U,1
Shake It Out,1
Ex-Girlfriend,1
Sing,1
Intergalactic - 2009 Digital Remaster,1
I Can`t Dance - 2007 Digital Remaster,1
Try Again,1
Let the Groove Get In,1
Like I Love You,1
Killing Me Softly with His Song,1
Drop the Game,1
Rock The Bells,1
P!PRDD!PRDA!PRD (We Just Don`t Care),1
How Will I Know,1
Hit the Road Jack,1
Beggin` - 2007 Remastered Version,1
That`s Not My Name,1
Stitches,1
Ain`t Nobody (Loves Me Better) - Acoustic,1
Empty Gold,1
Neverland,1
Ready to Go - Pepsi Version,1
Hi,1
Phone Down,1
Poppin` Off,1
Sound & Color,1
Gimme All Your Love,1
NO,1
Honey!CMA I`m Good!PRD,1
Don`t Let Me Down,1
Latch,1
Jealous - Remix,1
On My Mind,1
Oh My God,1
I`ll Show You,1
Cheap Thrills,1
Close,1
How Deep Is Your Love,1
1 Thing,1
Here - Jaden Smith Remix,1
Gimme That,1
Alaska,1
Stand By Me,1
Kill Em With Kindness,1
Rip It Up,1
Lucille,1
Caldonia,1
Make Me!PRD!PRD!PRD (feat!PRD G-Eazy),1
SAWFT Is a Sin (Enzo Amore),1
The Rising Sun (Shinsuke Nakamura),1
Brand New Funk,1
Factz,1
Girls Dem Sugar - Feat!PRD Mya,1
Lost Ones,1
Me and Your Mama,1
Gettin` Jiggy Wit It,1
I`m Your Baby Tonight,1
The World`s Greatest - Radio Edit,1
I Believe In A Thing Called Love,1
It`s Not Unusual,1
Wake Me up Before You Go-Go,1
She`s A Lady,1
Cupid`s Chokehold !FSL Breakfast In America,1
Good Man,1
Zombies,1
Riot,1
Stand Tall,1
Stone Cold,1
I Need a Dollar,1
Let`s Get Married - ReMarqable Remix,1
Bambi,1
I Want You,1
XO,1
Bed Peace,1
Sorry Not Sorry,1
There`s Nothing Holdin` Me Back,1
Attention,1
Hail Mary,1
Good Night,1
I Wanna Love You,1
Body On Me - Main,1
Best Friend - Remix,1
Take A Bow - Main,1
Miss Independent,1
Next to You - Explicit Album Version,1
Say Goodbye,1
Candy Shop,1
Because Of You,1
21 Questions,1
I Need A Girl (Part One) (feat!PRD Usher & Loon),1
Mad,1
Lonely - Old Version,1
Don`t Matter,1
Goodies,1
Shawty Is Da Shit,1
I`m N Luv (Wit a Stripper),1
Hate That I Love You,1
Houstatlantavegas,1
Slow Motion,1
Unfaithful,1
No One,1
Kiss Me Thru The Phone,1
Gucci Bandanna,1
Booty Got Swag,1
Pretty Boy Swag,1
Donk,1
Bed,1
Love in This Club,1
If I Ain`t Got You,1
Put It In A Love Song,1
Sexy Can I feat!PRD Yung Berg,1
Age Ain`t Nothing but a Number,1
At Your Best (You Are Love),1
All I Have,1
I`m a Flirt Remix,1
Don`t Forget About Us,1
So Sick,1
Soldier ft Lil Wayne,1
Lose My Breath,1
Cater 2 U,1
Throw It In The Bag,1
Give It Up To Me,1
She Will,1
Here We Go - feat!PRD Kelly Rowland,1
Look Back At Me - Feat!PRD Killer Mike,1
Love,1
London Bridge,1
Frontin` - Club Mix,1
Naughty Girl,1
Dangerously In Love,1
Upgrade U,1
Check On It - feat!PRD Bun B and Slim Thug,1
Ego,1
Like a Boy,1
Promise,1
Body Party,1
Suffocate,1
Lovers & Friends,1
I Luv Your Girl,1
Falsetto,1
Rockin` That Sh!AST!AST,1
Ice Box,1
O,1
Girlfriend,1
Grind With Me,1
On The Hotline,1
Baby,1
Until The End Of Time,1
Photo Shoot,1
Lady Marmalade,1
If You Had My Love,1
I`m Real - Murder Remix,1
Bag Lady,1
Love Of My Life (An Ode To Hip Hop) - Longer Album Version,1
Overnight Celebrity,1
Girl Tonite (feat!PRD Trey Songz) - Featuring Trey Songz Explicit Album Version,1
