Bishop Richard `Mr!PRD Clean` White,I`m Glad
Fitzpleasure,1
Youth Without Youth,1
Oozy,1
Gawd Above,1
Is Your Love Big Enough!QST,1
Charmer,1
Who,1
My War,1
Lucky One,1
S`inguldu (feat!PRD Jaques Morelenbaum),1
Yellow Brick Road,1
These Words,1
Stainless Staining,1
Harvest Moon,1
Next To You,1
If I Don`t Got You,1
Long Way To Go,1
With My Maker I Am One,1
Bayou Belle,1
Sometimes I Don`t (feat!PRD Sam Lachow),1
Why Oh Why (Ellen`s Song) [live],1
I Can`t Stop (Live),1
You & I - feat!PRD KeKe Wyatt,1
Makin` Good Love,1
Birmingham,1
O` Be Joyful,1
Dream in Blue,1
Junebug,1
Perfectly Yours,1
Ambling Alp,1
O!PRDN!PRDE!PRD,1
Someday Sometime,1
Nothing,1
San Francisco,1
Shuggie,1
Cryin` For Me (Wayman`s Song),1
February,1
My Young Man,1
Wanna Feel Somethin`,1
Ends of the Earth,1
Fool for Love,1
Time To Run,1
QueenS,1
EarthEE,1
Blandland,1
Giants,1
Dreamers,1
Lay Your Cards Out,1
Dark Star,1
Wandering Star,1
All the Time In the World,1
Satan and St!PRD Paul,1
Don`t Cry,1
Road Song,1
Zombies,1
Foreign Bodies,1
The Color of Industry,1
Marcela,1
Dearly Departed,1
Family And Genus,1
Million Holes In Heaven,1
Airplane Driver,1
Didn`t Leave Nobody But The Baby - From “O Brother!CMA Where Art Thou” Soundtrack,1
Hanging Up My Heart,1
Dust,1
Uncast Shadow of a Southern Myth,1
Borrowed Time,1
Classique,1
Sweet Pea,1
Try Again,1
High School Lover,1
Moony Eyed Walrus,1
Cayucos,1
Spring,1
Whisper In Her Ear,1
Michigan,1
The Mother We Share,1
Leave A Trace,1
Clearest Blue,1
Be Above It,1
The Woodpile,1
Like Me (feat!PRD BJ The Chicago Kid),1
Billions of Eyes,1
Rooftop,1
Here,1
Ride On !FSL Right On,1
Song For Zula,1
Built Pyramids (feat!PRD Large Professor),1
For the Miner,1
Somewhere All the Time,1
Roots & Vine,1
Power Lines,1
Ghosts and Creatures,1
Don`t Come to Me,1
She Will,1
Special,1
Worried Shoes,1
Lady!CMA You Shot Me,1
Cherry Picking,1
The Spins,1
One Girl !FSL One Boy,1
Avocado Roller (feat!PRD Becca Stevens),1
À tout à l`heure,1
Lovers’ Carvings,1
Such Great Heights,1
Was It You,1
Finally Moving,1
Around the Block (feat!PRD Talib Kweli),1
Low Class Conspiracy,1
Brothers Can`t See Me,1
Gallup!CMA NM,1
Ballet Class,1
In the Shade,1
Cover Me Up,1
24 Frames,1
I Follow Rivers,1
I Wish I Was the Moon,1
Man,1
Workin` Woman Blues,1
Hate Or Glory,1
The Folky Gibbon,1
Knees of Fire,1
Reading Youtube Comments,1
10KONDRMS,1
Stand It (feat!PRD Anesha),1
Duke,1
Are You With Me Now!QST,1
Death Graduates,1
Whitby,1
Deserter,1
Lluvia Con Sol,1
Supermercado,1
Brass Tacks,1
Superstitions,1
Coffee,1
Summer Wine,1
Corpus,1
Byegone,1
Comrade,1
All Right,1
Fall Winter Spring Summer,1
Do It Again,1
You`re the One (feat!PRD Ty Dolla Sign),1
The River,1
Lay Down,1
Scott Get The Van!CMA I`m Moving,1
Girlfriend,1
Finger,1
Caesar,1
GOT IT GOOD,1
Leave Me Alone,1
Countdown,1
Bad Law,1
We Come from the Same Place,1
Space Christmas,1
Colorado,1
Tropical,1
Friends Maybe,1
Gimme Some,1
Oom Sha La La,1
Drinking Song,1
Gold and Green,1
Monsters,1
Confesión,1
Porro Maracatu,1
Somewhere in Between - Swarvy Remix,1
Never Thought,1
Blue Train Lines,1
Marilyn,1
Be Afraid,1
Idiot Soul,1
Hello,1
Sweet Wine,1
Cosoco,1
Paraguaya,1
Eras,1
Three Futures,2
Class Historian,1
Get in My Car,1
Lips That Bite,1
Somos Chulas (No Somos Pendejas),1
Dancing In The Dark,1
Cathedral,1
Something American,1
Casa De Mel,1
Hold on Me,1
When I Called Your Name,1
Everything,1
Dean Ween (feat!PRD Show You Suck & Sports Boyfriend),1
In Undertow,1
Dreams Tonite,1
Ondulation,1
Tears of Lava,1
I Am Trying to Break Your Heart,1
Via Chicago,1
Paper Love,1
Need You,1
Good Enough,1
Lightning In A Jar,1
Dark Four Door,1
Driver,1
Eres,1
El Mundo en Que Nací,1
Sallisaw Blue,1
Ain`t We Gold,1
Beautiful,1
Believe (Nu Jazz Vocal),1
Bring Water,1
Son Volt Came to Town,1
Twelve String Mile,1
Ten Million Slaves,1
Moonshine Freeze,1
Bullet Proof,1
Newton`s Cradle,1
To Leave Something Behind,1
Supernova,1
Feeling Good,1
Walk Up,1
Subconscious-Lee,1
In My Life,1
Pipeline,1
Mourning Sound,1
Two Weeks,1
Losing All Sense,1
UHF On DVD,1
Kangaroo Pocket,1
Closer My God,1
There Used to Be a Darkness,1
When Doves Cry - Recorded At Spotify Studios NYC,1
