Mom Jeans!PRD,Best Buds
Blonde Hair!CMA Black Lungs,7
Catalina Fight Song,1
The Jerk,2
7,1
Gone All Summer,1
Tongues,1
Makeout Point,1
Kids,2
Joanie,1
The Beers,1
Au Revoir (Adios),2
Backflip,1
Laura,1
Timecop,1
Cutesy Monster Man,1
The House That Heaven Built,1
What Would I Say To You Now,1
Constant Nothing,1
Yeah Yeah Utah,1
Your Graduation,4
@chl03k,1
My Love,1
Sun Faded Film,1
Avocado,1
Daisy,1
Do The Panic,1
Old Friends,3
It Was I,1
Ugly Cherries,1
Yer Killin` Me,2
Art School,2
Baby Bride Rag,1
Mallrat Semi-Annual,1
No Halo,1
Heathers,1
Christine F,1
Uncool,1
Miley,1
Never Again,1
My Mouth Is Skinned Like An Apple,1
Plane vs!PRD Tank vs!PRD Submarine,2
I Saw Water,3
If You Wanna,1
Pony,1
Super Soaker,1
Coffee Eyes,1
Irrevocable!CMA Motherfucker,1
Fine!CMA Great,3
Our Song,1
I Can`t Feel My Face,1
Edward 40hands,5
Stunted,1
Wolf Like Me,1
A-Punk,1
Daylight,1
Good Ol` Fashion Nightmare,1
You Know It,1
You & I,1
Should I Stay or Should I Go - Remastered,1
Cake By The Ocean,1
Alright,1
The Sound,1
Love Me,1
Chocolate,1
False Alarm,1
Starboy,1
Little Talks,1
Step Out,1
Stay Alive,1
Far Away,1
Don`t Let It Pass,1
Midnight City,1
No Diggity,1
Time to Pretend,1
Electric Feel,1
Take a Walk,1
Sleepyhead,1
Electric Love,1
Where Is My Mind!QST,1
Where Is My Mind,1
Kamikaze,1
Ride,1
Soap,1
This Must Be My Dream,1
The Riddle Of The Model,1
Up,1
Girls,1
What Went Down,1
Lay Me Down,1
Do It!CMA Try It,1
Creep,1
Fluorescent Adolescent,1
R U Mine!QST,1
Do I Wanna Know!QST,1
Somebody Else,1
Breezeblocks,1
All The Small Things,1
Amber,2
Gone,1
Hurt,2
You`re Welcome,1
Basket Case,1
American Idiot,1
Holiday!FSLBoulevard Of Broken Dreams,1
Walking On A Dream,1
Run Boy Run,1
Broc Ched,1
I Forgot to Take My Meds Today,1
Really!QST,1
Pop Song,1
Out Of My League,1
Into Yesterday,1
Riptide,1
Fire and the Flood,1
Shape of You,1
Clever Girl,1
I Thought You Didn`t Even Like Leaving,1
Favorite Liar,1
Turn It Up,1
I Don`t Like You,1
You`re Gonna Go Far!CMA Kid,1
Santeria,1
Danger Can`t,3
Stayin` Alive,1
Sign of the Times,1
The Night We Met,1
Love Will Tear Us Apart,1
Move,1
Harlem,1
Naked,1
Carolina,1
Only Angel,1
Kiwi,1
Remy`s Boyz,2
Do You Feel It!QST,1
Sabotage,1
Two Beers In,1
Killing In The Name,1
Dani California,1
Give It Away,1
Guns For Hands,1
I Wish I Could Ctrl+alt+del My Life,1
Holding On To You,1
Migraine,1
Car Radio,1
Trees,1
Feel Good Inc,1
Clint Eastwood,1
Fire Coming Out Of The Monkey`s Head,1
Dig Up the Dead,1
The Judge,1
Polarize,1
Goner,1
Creature,1
Out The Speakers (feat!PRD Rich Kidz),1
Marble Soda,1
Burnt Rice (feat!PRD Yung GEMMY),1
Hotto Dogu,1
Young!CMA Wild & Free (feat!PRD Bruno Mars) - feat!PRD Bruno Mars,1
From the Dining Table,1
Two Ghosts,1
Sweet Creature,1
Ever Since New York,1
Woman,1
Scott Pilgrim V!PRD My Gpa,3
Sweater Weather,1
Everybody`s Watching Me (Uh Oh),1
Female Robbery,1
Afraid,1
One,1
Why You so Short!QST,1
26 Caroline,1
Chouse Party,1
Don`t Shred on Me,1
Monday Song,1
Harry,1
Next to You,1
Twilight Funzone,1
My Favorite Part,1
Poor Boxer Shorts,1
Girl Scout Cookies,2
Passionfruit,1
Gum,5
Twin Size Mattress,3
Bonfire,1
IV!PRD sweatpants,1
V!PRD 3005,1
Legend Has It,1
Blitzkrieg Bop - 2016 Remastered Version,1
Going Up The Country,1
Left Hand Free,1
Believer,1
Honey,2
Nika`s Got It Wrong,1
Bromeo !FSL!FSL Always Good,1
Hundo Pos,1
White Winter Hymnal,2
Rock Bottom,3
YuNg BrAtZ,1
Look At Me!,1
Gospel,1
Aladdin Medley,1
Tokyo Drift,1
Feel It All Around,1
Life Is A Highway,1
Sunshine Of Your Love,1
Go The Distance,1
MLK,1
Who That Be,1
Dat $tick,1
And So It Goes,1
Elijah Rock,1
Believe,1
Tears Over Beers,2
Tokyo Drift (Fast & Furious) - From `The Fast And The Furious!SMI Tokyo Drift` Soundtrack,1
Diemonds,1
Dumplings,1
Rice Balls,1
Off the Wall!,1
Space Oddity - 1999 Remastered Version,1
Kiss,1
The Cave,1
1-800-273-8255,1
The Moss,1
Pelicans We,1
Tardigrade Song,1
Movember (feat!PRD Sarah Levy),1
Take A Step Back,1
Dogs,1
Conch,1
Still Bummed,1
School Bus,1
Ain`t No Rest for the Wicked - Original Version,1
Trouble,1
Spirits,1
We Don`t Know,1
do re mi,1
Preciso Me Encontrar,1
Dairy Queen,1
Take On Me,1
Paradise City,1
Feel It Still,1
Jocelyn Flores,2
Everybody Dies In Their Nightmares,1
Revenge,2
Everlong,2
The Pretender,1
Teen Age Riot (Album Version),1
Incinerate,1
Nagoya,1
Good Zone,1
Seventeen,1
Fifteen on a Skateboard,1
Simple Words,1
Heck You Bart!CMA Pt!PRD II!SMI Electric Boogaloo,2
Shred Cruz,1
Clarity In Kerosene,1
Letdown,1
I`ve Been Doing Well,1
Mess,1
Colder Quicker,1
Coffee Talk,1
Clairvoyant,3
Nerve,1
Things I Can`t Change,1
Empty Space,2
Heavy Gloom,1
Smile,1
Death Cup,3
Happy Judgement Day,1
Happy Being Miserable,1
Aquasun,1
How You Are,1
Bored To Death,1
Sober,1
She`s Out Of Her Mind,1
Balance,1
Empty Picture Frames,1
In Too Deep,1
See You Around,1
We Will Fall Together,1
December,1
Where Do We Go When We Go,1
This Song Is Gonna Buy Brendan Lukens A New Pair Of Socks,1
Promise Everything,2
Alligator,2
Wut I Liek Abt U,2
We Own The Night,1
Pol Roger,1
Young Robot,1
Adam`s Song,1
Scars,1
The Worst In Me,1
Glass Houses,1
Hidden Colors,1
Cigarette Daydreams,1
In Bloom,1
In Between,2
The Grand Delusion,1
Parachute,1
Don`t Wait (ft!PRD Sam Carter),1
Cadmium - Audiotree Live Version,1
Hopes Up (feat!PRD Dashboard Confessional),1
Angelina - Audiotree Live Version,1
drowning!PRD,1
Circles,1
Cursed,1
Out of It,1
Navy Blue,1
Blank Space,1
Need 2 - Audiotree Live Version,1
Four Years,1
Rolling In the Deep,1
YIKES (daddy wants wings),1
Vape Nation 2!PRD0,1
Kissing The Lipless,1
People Ii!SMI The Reckoning,1
Brave as a Noun,1
Rejoice,1
Placeholder,1
High Regard,1
You`re A Wolf,1
Whiskey And You,1
Might As Well Get Stoned,1
Ten Feet Tall,1
Cock O` The Walk,1
The Weekend,2
Never Saw It Coming,2
The Sun,1
Never Meant,1
Sweet Talk,1
No Waves,1
Wake Bake Skate,1
Intoxicated - New Radio Mix,1
On Melancholy Hill,1
Sunrise,1
Young Blood,1
Slam,1
Such Small Hands,2
Long Lost Friends,1
Ruby Cumulous,1
Max Can`t Surf,1
Green Eyes,1
Nine Is God,1
Sound System,1
Pulaski at Night,1
My Sister`s Tiny Hands,1
The Zephyr Song,1
By The Way,1
I Could Die For You,1
Survival Song,1
Heartilation,1
Lipstick Covered Magnet,1
Sense!CMA Sensibility,1
For Sure,1
I Love You Like An Alcoholic,1
Heart Tattoo,2
Solid Ground,1
Pigeon,1
Old & Gray,1
You And Me And The Mountain,1
Funny You Should Ask,2
One Step Beyond,1
Toothpaste Kisses,1
Mexico,1
Unity,1
In The Aeroplane Over The Sea,1
Two Headed Boy,1
Salad Days,1
Dosed,1
Down Under,1
Lua,1
Only For The Night,1
Wide Open,1
Fire To The Ocean,1
…And The Battle Begun,1
All Signs Point to Lauderdale,1
If It Means a Lot to You,1
Babel,1
Holland Road,1
Ghosts That We Knew,1
Hopeless Wanderer,1
Below My Feet,1
Sigh No More - Live At Shepherd`s Bush Empire,1
White Blank Page - Live At Shepherd`s Bush Empire,1
Awake My Soul - Live At Shepherd`s Bush Empire,1
Timshel - Live At Shepherd`s Bush Empire,1
Dust Bowl Dance - Live At Shepherd`s Bush Empire,1
Dust Bowl Dance,1
Sigh No More,1
The Medic,1
Left Handed Kisses,1
Giant of Illinois,1
Retrograde,1
The View From The Afternoon,1
I Bet You Look Good On The Dancefloor,1
Welcome To Jamrock,1
Beautiful,1
Sleep,4
The Summer,1
The Night I Drove Alone,2
Dizzy On the Comedown,2
Cutting My Fingers Off,2
Constant Headache,3
40 oz On Repeat,1
Your Deep Rest,2
The Boy Who Blocked His Own Shot,1
Yellow Love,1
Rory,1
Laika,2
Flashlight,2
King Park,2
Okay I Believe You!CMA But My Tommy Gun Don`t,1
Jesus Christ,1
Skeleton,2
The Quiet Things That No One Ever Knows,1
E Bowl Of Iris,1
Youth,1
Cherry,3
Apocalypse,1
Nothing`s Gonna Hurt You Baby,1
K!PRD,1
Keep On Loving You,1
Bowl Of Oranges,1
Poison Ivy,1
Oh!CMA Susquehanna!,1
Condition 11!SMI11,1
I`m Against the Government,1
Fake I!PRDD!PRD,2
Holy Roller,1
Nobody Dies,1
Laura Laurent,1
Wolf,1
Ghosts,1
Wild Fire,1
The River,1
I Can Feel Your Pain,1
New Slang,1
The Calendar Hung Itself…,1
Bloody Nose,1
Sasquatch !PRD22,1
Pendulum,1
My Silver Lining,1
Home,1
Relax,1
Young,1
Gauze,1
Chinese New Year,1
Archie!CMA Marry Me,1
Gap in the Clouds,2
A Little While,2
Your Hand Holding Mine,2
i was all over her,1
Shit Twins,1
Andreas,1
Gypsy,1
Fool,2
Re-Done,1
Ruby Soho,1
Take Warning,1
Workeatsleep,1
Hope,1
Like Lions Do,1
Time Bomb,1
Fall Back Down,1
Roots Radical,1
Where I`m Going,1
Sleep Apnea,2
Down the Line,1
Tennessee Whiskey,1
Supernothing,1
Dear Sergio,1
Sick and Sad,1
Keasbey Nights,1
Day In Day Out,1
A Better Place!CMA a Better Time,1
Still Shrill,2
Dirty Ickes,2
Honeybee,1
Rory Shield,1
Nick Kwas Christmas Party,1
Smooth Jazz,1
Comeback,1
Art School Wannabe,2
Using,1
Woman (In Mirror),1
Nothing Was the Same,1
Dreaming or Sinking,1
Lose One Friend,1
July (Part One),1
Changes Consume Me,1
Constant Collapse,1
Constant Conflicts,1
Van Nuys,1
Drown,1
Those Three Words,1
Never in the Cards,1
Autumn,1
Two Eight One,1
Dead Talk,1
Pawn Takes Rook,1
Inch By Inch,1
Cigarettes and Old Perfume,1
Thirteen,1
Nicole,1
Run Wild!CMA Young Beauty,1
All I Need,1
Things I Haven`t Felt,1
Dear Lonely,1
doing all the things i used to do with people!CMA part 2 (acoustic!FSLrooftop version),1
Downtown,1
im so fucking bored,1
Curbside,1
Matches,1
Such Luck,1
An Hour Pissed,1
Daydreams,1
Raccoon,1
Give Thanks - Get Lost,1
Forget Me,1
Mall Goth,1
My Heart Is Buried In Venice,1
Okay,3
Rich Boyz,1
we found two dead swans and filled their bodies with flowers,1
haunt me (x 3),1
White Trash V!PRDH!PRDS!PRD,1
Deliver,1
The Way You Want,1
You Can`t Live There Forever,1
C U Around,1
City Don`t Care,1
Monsters,1
Olerud,1
Echo,1
Opening Mail For My Grandmother,1
Algae Bloom,1
Thank You,1
The Artist,1
Why You Always Leave a Note,1
Beachboy,1
Two Hands,1
bad news,1
Song for a Guilty Sadist,1
Rachel`s Lullaby,1
Vape Nation,1
Ouch,1
Tongue Tied,1
Part 1 !FSL!CMA Pt!PRD 2,1
i don`t know anyone i am,1
Empty Room,1
Nothing to Do,1
Stay Inside Forever,1
No Fun,1
Restless,1
Bad Vibes Forever,1
Feeling Bored (Demo),1
I Feel Like Dying,1
Suicide,1
Taking Pills (Demo),1
Golden,1
Burnout,1
Crying,1
I Wanna Be a Witch,1
oh my god,1
falling in love,1
girl,1
afterlife dating,1
no!CMA the moon,1
spooky ghost,1
grim reaper,1
cop graveyard,1
Memento Mori,1
Pepsi!FSLCoke Suicide,2
Sorry You Didn`t Get to Kiss That Boy You Wanted to Kiss,1
T!PRDM!PRD,1
Reflections After Jane,1
These Times Will Never Change,1
Brennan`s Theme,1
This Old Dog,1
Walking Through a Storm,1
Somebody Kill Me,1
Grow Old With You,1
Mistakes,1
Cab Deg,1
Easy Way Out,1
San Francisco,1
No Other Heart,1
Ophelia,1
Stubborn Love,1
One Million Lovers,1
Late Night Swim,1
Wick,1
Common Ghost,1
Did U Ever Notice,1
Family Plot,1
Blood 2,1
Only You,1
Coming Or Going,1
Mi Negrita,1
Agoraphobia,1
Call It Fate!CMA Call It Karma,1
One More Cup of Coffee - Recorded at Spotify Studios NYC,1
Where The Skies Are Blue,1
Coulda Been My Love,1
I Can`t Explain,1
Out Getting Ribs,1
What a Pleasure,1
Swim and Sleep (Like a Shark),1
Change In Your Veins,1
Gale Song,1
Boots Of Spanish Leather,1
One Night,1
Stones,1
The Bend,1
Bird Stealing Bread,1
Lazy Lover,1
Femme,1
Vox Humana,1
On the Lips,1
Sweet Sound of Ignorance,1
My Dreams Dictate my Reality,1
I I`ve Been Alone Too Long,1
Outside with the Cuties,1
Nobody Knows,1
By Your Side,1
Nerves,1
911 !FSL Mr!PRD Lonely,1
Annabel,1
Yam Yam,1
Virgin Veins,1
Epitaph,1
Ocean Bed,1
Bathed In Grey,1
Inside Out,1
Velvet,1
Ditch,1
Miss Glum & the Pursuit of Falling,1
Social Sites - Acoustic,1
That Easy,1
Peach Pit,1
The Krockadile,1
The Artist`s High,1
In The Heavy Rain,1
88,1
Wish You Were Gone,1
Old 8 Legs,1
Acid Rain,1
Norma & Jessica,1
Ready for Nothing,1
The End (feat!PRD Fujitsu),1
Mold Baby (& The Queen Midas),1
She Makes Me,1
Breakfast in Bed,1
Baby Doll,1
Teenage Blue,1
Ode To Viceroy,1
Follow,1
Too Dark,1
Sweet to Me,1
Cottage Roads,1
Sea of Nothing,1
Rockaway,1
A Vessel,1
Sweet Marie,1
Tidal Waves,1
My Life,1
i don`t want to ask your father or anything,1
Rest My Head,1
So Low,1
Out of Sight,1
If I Say,1
From Tennessee with Love,1
Love Song,1
Bones,1
Caitlyn,1
Versace Summer,1
Chunk (Cool Enuff),1
Grim Reefer,1
J A N K !,1
I`m My Own Doctor,1
Hunting For Sport,1
Crash Test Rating,1
Nolsey,1
Always Focussed,1
HEAT,1
I Was Never Your Boyfriend,1
Meals On Wheels,1
Chemicals,1
Falling in Love Again,2
Eighteen,1
Last You Heard Of Me,1
Two Good Things,1
Wedding Singer,1
Bukowski,2
Swim Down,2
Knuckles,2
Symmetry,1
Secret Society,1
HELP,1
12 Feet Deep,1
Awkward Conversations,1
Swear To God The Devil Made Me Do It,1
Santa Monica,1
Looking Like You Just Woke Up,1
Swimming Pool,2
Legit Tattoo Gun,1
Stovall,1
Lighterless,1
Dull,1
Vomit,1
Dendron,1
I`m Gone,1
Weathered,1
Tar,1
Mononokay,1
Politics Of Grooming,1
I`d Like To Walk Around In Your Mind,1
Nobody`s Baby,1
Lets Go Surfing,1
What the Heck,1
25 Or 6 To 4 - Live In `75,1
Flowers On The Wall,1
(Joe Gets Kicked Out of School for Using) Drugs With Friends (But Says This Isn`t a Problem),1
D`yer Mak`er,1
I Felt Your Shape,1
Sarah,1
Don`t Let Me Down - Remastered,1
Twenty Seven Strangers,1
Vladimir`s Blues,1
Avril 14th,1
The Soul Serene,1
What`s Important,1
Die,1
Hey My Man,1
Sleepwalk,1
Rhiannon,1
Marigold - B-Side,1
Dear G-D,1
The Hardest Part Is Forgetting Those You Swore You Would Never Forget,1
Dark Horse,1
White Light,1
Holding On,1
Break Away,1
At Least Understand,1
Nobody!CMA Not Even the Rain,1
Said the King to the River,1
All That I`ve Got,1
Withered,1
Just Fine,1
Small Victories,1
Machine,1
The Taste Of Ink,1
Cicuta,1
Late Nights in My Car,1
Behind Closed Doors,1
Calling All Cars,1
Blood!CMA Sex And Booze,1
Have Faith In Me,1
Return to Energiser,1
Adieu,1
A Pistol To My Temple,1
How Does It Feel!QST,1
I`ve Given Up on You,1
Numb Yourself,1
Love Your Friends!CMA Die Laughing,1
I Don`t Like Who I Was Then,1
Cement,1
A Save Situation,1
Give It Up,1
Spring,1
Lions Roar,1
Meth Head,1
Dogwalk,1
Covet,1
Oversized,1
Burden You,1
This Song Is A Mess But So Am I,1
Normal,1
Not Just a Girl,1
Evil,1
The Only Thing,1
To Be Alone With You,1
Welcome to Eden,1
Someone Tell the Boys,1
The Night Josh Tillman Listened To My Song,1
Passing Through A Screen Door,1
Came Out Swinging,1
Where I Left You,1
Montrose,1
How To Hide Your Feelings,1
I Don`t Love You,1
Ellipse,1
Mirage,1
Untitled,1
Disintegration,1
But Why Would You Care!QST,1
Jet,1
Most Of The Time,1
Billy No Mates,1
Abstract Art,1
Brace Legs,1
Bow Down,1
Learned Behavior,1
Humannequin,1
Her Advice Cost Us A Life,1
Set If Off Like Napalm,1
Isaiah (The Willing),1
