LVL UP,Space Brothers
Bite Back,1
The Birds Outside Sang,1
Naruto Themed Sexting,1
Algae Bloom,1
Be Your Own 3am,1
Sweater,1
Money Is Everythign,1
Boys of Summer,1
Parking Lots,1
Romantic,1
Horseshoe Crabs,1
Sleep Eater,1
Run Wild!CMA Young Beauty,1
Party Police,1
You Are the Answer to My Security Question,1
Cut Your Bangs,1
Sober,1
Other People`s Tongues,1
I Liked You Best,1
Lindsey,1
Ignorant Piece of Shit,1
#23,1
The Thunder Answered Back,1
Architect,1
Lovers Rock,1
Broken Necks,1
@chl03k,1
Sleep Talk,1
First Love !FSL Late Spring,1
Well-dressed,1
Bath,1
Exterminata Beat,1
Cardboard,1
And so Peter Dances,1
Hot Dad Calendar,1
Flannel,2
Woman (In Mirror),1
Gum,1
Cherry,1
First Day Of My Life,1
Say Yes,1
In The Aeroplane Over The Sea,1
Headless Horseman,1
Work In Progress,1
I Exist I Exist I Exist,1
Clairvoyant,1
Offer,1
Smking To Dth,1
haunt me (x 3),1
Pepsi!FSLCoke Suicide,1
Mickey`s Dead,1
Honeybee,1
Siren (Acoustic),1
Spirit Desire,1
i was all over her,1
Lavender Blood,1
Memento Mori,1
I Like You,1
What the Heck,1
Sex,1
Inside You,1
How To Never Stop Being Sad,1
Everything Is Scary,1
A Portrait Of,1
Soco Amaretto Lime,1
Nothing Hurts,1
Don`t Come Home,1
Bankrupt on Selling,1
Overdose,1
I`m Real,1
My Love,1
Untitled,1
I Am Shit,1
Part 2,1
My Heart Goes Bum Bum Bum,1
Angelina,1
One More Suicide,1
The Ice Is Getting Thinner,1
Behind The Garage,1
I`m not a good person,1
Hurt Everything,1
Virgin Veins,1
Stay Awake,1
Wastes of Time,1
