Muray,熱烈!アニソン魂 THE BEST カバー楽曲集 TVアニメシリーズ「BLEACH」 vol.1 [主題歌OP/ED 編]
Invoke,1
Lost Heaven,1
!ASTAsterisk,1
Find the Way,2
Season`s Call,1
abnormalize,1
Namae No Nai Kaibutsu,1
Error,1
Wolf,1
Monster,1
Still Alive,1
Unravel,1
Ready Steady Go,1
Dearest,1
悲しみをやさしさに(第54話〜第77話),1
消せない罪 (From `鋼の錬金術師`),1
Link - Kiss Mix,1
アルミナ,1
風鈴の唄うたい,1
美しき残酷な世界 (第1〜13!PRD5話ED),1
扉の向こうへ (第14〜25話ED),1
Shine,1
Crazy,1
Pick Me Up,1
GOD (From `N PROJECT #1`),1
Misplaced - Live Album Version,1
Walk,1
Electric Eye,1
The Trooper - 1998 Remastered Version,1
Next In Line,1
Stricken,1
Satellite,1
Tip The Scales,1
Give It All,1
Scream Aim Fire - Live at BBC Radio 1,1
Tears Don`t Fall,1
Waiting Still,1
Sandstorm - Radio Edit,1
Cowboys From Hell,1
Zero For Conduct,1
Stand Up and Fight,1
Cosmonaut,1
Blood and Thunder,1
Falling Away from Me,1
Holy Wars!PRD!PRD!PRDThe Punishment Due - 2004 Digital Remaster,1
Sleepwalking,1
Shadow Moses,1
Deadbolt,1
Image Of The Invisible,1
Master Of Puppets - Live At Berkeley Community Theatre !FSL April!CMA 1999,1
Fuel - Live At Berkeley Community Theatre !FSL April!CMA 1999,1
Kickstart My Heart,1
Throne,1
Night of fire - From Initial D,1
Better Off Alone,1
DOA,1
Attack on Titan,1
紅蓮の弓矢,1
Du hast,1
Sehnsucht,1
Links 2 3 4,1
Hearts On Fire,1
Ghost Division,1
Tonight We Ride,1
Home,1
Lucifer,1
KARATE,1
Megitsune,1
The Motherload,1
Killing Inside,1
Live To Win,1
