Hillsong United,United We Stand
Pieces,1
For the Cross,1
Even So Come - Radio Version!FSLLive,1
Give Me Faith,1
We Will Not Be Shaken (Live),1
No Longer Slaves (Live),1
In over My Head (Crash over Me) [Live],1
Thank You Jesus - Live,1
Have It All (Live),1
Never Alone - Live,1
Passion - Live,1
Running In Circles (feat!PRD Will Reagan),1
Seasons Change (Live) [feat!PRD Michael Ketterer],1
A Little Longer (Live),1
Let It Happen (Live) [feat!PRD Andrea Marie],1
Simple Gospel (Live),1
Hidden (Live) [feat!PRD Will Reagan],1
Your Love Changes Everything (Live) [feat!PRD Brock Human],1
Met by Love (Live),1
Transfiguration - Live,1
One Thing - Live,1
Open Heaven (River Wild) - Live,1
Pursue !FSL All I Need Is You - Medley!FSLLive,1
Be Still,1
You Love Me Anyway,1
Spirit Break Out - Live,1
Mercy,1
The Voyage,1
Heaven Come (Live),1
Touch The Sky,1
Street Called Mercy,1
Even When It Hurts (Praise Song),1
When I Lost My Heart To You (Hallelujah),1
Let There Be Light,1
Open up Let the Light In,1
Our Father,1
Wrap Me In Your Arms,1
All The Poor And Powerless - Live,1
Out of Hiding,1
What A Beautiful Name - Live,1
Flame Of Fire!CMA Rushing Wind,1
Vasijas Rotas (Sublime Gracia) - Live,1
This Is Living - Acoustic,1
Con Todo - Live,1
Sinking Deep,1
Beso Tus Pies,1
Atrae Mi Corazón,1
I Surrender - Live,1
No Hay Lugar Más Alto (En Vivo) [feat!PRD Christine D`clario],1
Lo Unico Que Quiero,1
Digno,1
Came To The Rescue - Live,1
I Will Exalt You - Live,1
Found - Live,1
Yahweh - Live,1
You Know Me,1
Love Came Down (If My Heart Is Overwhelmed) - Live,1
He Heard Me (feat!PRD Andrea Marie),1
Sweetest Name,1
Beginning (Live),1
Ven a Descansar en Mí (feat!PRD Lucas Conslie & Lid Galmes),1
Me Deleito en Ti (feat!PRD Lucas Conslie),1
Deseable (feat!PRD Lid Galmes),1
Tú No Desistes de Mí (feat!PRD Lid Galmes),1
There`s No Other - Live,1
Miracles - Studio Version,1
Lead Me to the Cross,1
Let Your Glory Fall,1
You`re All Around Me (Spontaneous) [Live] (feat!PRD Andrea Marie),1
Spirit Speaks,1
Oh How We Love You (feat!PRD Will Reagan),1
Let The Heavens Open - Live,1
Spirit Pour Out,1
Take the World!CMA but Give Me Jesus,1
You Won`t Relent - Live,1
Mention of Your Name,2
I`ll Stay (Carla`s Song),1
Miracles - Live,1
My God (feat!PRD Amanda Cook),1
You Hold Me Now - Live,1
How Majestic - Live,1
Nothing Is Wasted - Live,1
Soberano (Sovereign Hands) - Live,1
Oh How We Love You (Live) [feat!PRD Will Reagan],1
In the Silence (Live),1
Midwayer,1
Together We Will Live Forever,1
With Everything That Breathes,1
Everything And Nothing Less - Live,1
Into the Deep,1
More Than A Friend,1
I Will Boast In Christ - Live,1
My Heart Is Yours - Radio Version,1
All He Says I Am (Extended Version),1
Psalm 46 (Live),1
El Shaddai,1
Heal Our Land,1
Lover Of My Soul,1
Speak To Me,1
Oceans (Where Feet May Fail),1
Even When It Hurts (Praise Song) - Live,1
Closer Than You Know,1
What Would I Have Done - Live,1
Your Love Is Better,1
Fresh Outpouring,1
Waiting Here For You - Live,1
Here In Your Presence,1
As It Is (In Heaven) - Live,1
Let You Go,1
Lay It All Down,1
Not in a Hurry,1
Need You More,1
Speak to the Silence,1
Set My Love on You,1
What A Beautiful Name - Orchestral Selah,1
Glory to Glory (Live),1
Dwell,1
The War Is Over,1
You Deserve It All,1
Build My Life,1
Quiero Mirar Tu Hermosura,1
You Satisfy My Soul (Live),1
En La Cruz - Live,1
Rey De Justicia,1
Resurrecting,1
There Is a Cloud,1
Do It Again,1
I Am Not Alone - Live,1
Nothing Without You,1
Never Going Back (Live) [feat!PRD Brock Human],1
Let There Be Light - Live,1
Here as in Heaven,1
Evidence,1
I`ll Find You,1
Tempesta,1
La Luce Nel Cuore,1
Pieces (Live),1
Death Was Arrested,1
Wake Up,1
Walk By Faith - Stay Album Version,1
Good Good Father,1
I Want To Know You - Live,1
It`s Your Love - Live,1
Brokenness Aside,1
All the Poor and Powerless,1
The Anthem - Live,1
Ayer Te Vi!PRD!PRD!PRD Fue Mas Claro Que La Luna,1
Here In Your Presence - Reprise,1
So Will I (100 Billion X),1
Hills and Valleys,1
You`re Gonna Be OK,1
Only Jesus,1
Gravity,1
I Won`t Forget,1
Mercy and Majesty,1
Here I Bow,1
Greater Than All Other Names,1
After All These Years,1
Starlight (Live),1
There`s No Other Name (Live),1
Breathe (Spontaneous) [Live],1
King of My Heart (Live),1
The War Is over (Live),1
Yours (Glory and Praise),1
Looking for a Savior (feat!PRD Will Reagan),1
Melody of Love (Live),1
Your Promises,1
Abba,1
In The Name Of Love - Recorded At Spotify Studios NYC,1
Flood The Earth - Live,1
Heart Like Heaven (Falling) - Live,1
Holy Spirit,1
Awake My Soul (feat!PRD Brock Human),1
Throne Room,1
Dios Incomparable (Invitado!SMI Marco Barrientos),1
Heart on Fire,1
At The Cross (Love Ran Red),1
Set A Fire - Live,1
Oh My Soul,1
Seasons,1
