RATKING,So It Goes
Actin Crazy,1
Black Errythang,1
All of Me (feat!PRD Logic!CMA ROZES),1
Walkin`,3
Splittin` the Racket,2
Snakes & Blaggers,1
High Street,1
Gone,1
Devilish,1
Doolally,1
Freeze,1
Mazin` Hazin`,1
O Kiddi K,1
Imaginary!QST,1
One Take,1
Heskey,1
4U,1
Real Smooth,1
W!PRDA!PRDY!PRDD,1
Jungle,1
Watchin` You - Bonus Track,1
Splittin` the Racket - Instrumental Version,1
Walkin` - Instrumental Version,2
Watchin` You - Bonus Instrumental,1
Can A Drummer Get Some,1
If You Want To,1
Carry It,1
Knockin`,1
Jump Down,1
Devil`s Got A Hold,1
Let`s Go,1
Saturday Night,1
Cool Head,1
Raw Shit,1
Just Chill,1
Beat Goes On,1
On My Own,1
Don`t Fuck With Me,1
City Of Dreams,1
Misfits,2
Riding in My Whip,1
Hot Boy,1
Freaks Only,1
Appreciate Me,1
Drug Game,1
(News Talkin Intro) Real Eyes Realize Real Lies,1
Rikers Island,1
Don`t Forget,1
Pain,1
Chuck Norris (Hoes & Gangstas),1
Captain Cook (Bonus Track),1
Lava Glaciers (feat!PRD Childish Gambino),1
Aquaberry Dolphin (feat!PRD Mac Miller),1
The Library - Intro,1
I!PRD crawl,1
II!PRD WORLDSTAR,1
Dial up,1
I!PRD the worst guys,1
II!PRD shadows,1
III!PRD telegraph ave!PRD (`Oakland` by Lloyd),1
IV!PRD sweatpants,1
V!PRD 3005,1
Playing Around Before The Party Starts,1
I!PRD the party,1
II!PRD no exit,1
Death By Numbers,1
I!PRD flight of the navigator,1
II!PRD zealots of stockholm [free information],1
III!PRD urn,1
I!PRD pink toes,1
II!PRD earth!SMI the oldest computer (the last night),1
III!PRD life!SMI the biggest troll [andrew auernheimer],1
Sober,1
Pop Thieves (Make It Feel Good),1
Retro [ROUGH],1
The Palisades,1
Poke,1
Late Night In Kauai,1
V!PRD 3005 - Beach Picnic Version,1
Stripsearch - 2016 Remastered Version,1
New Born,1
Bliss,1
Space Dementia,1
Hyper Music,1
Plug In Baby,1
Citizen Erased,1
Micro Cuts,1
Feeling Good,1
Screenager,1
Darkshines,1
Megalomania,1
Futurism,1
Intro,1
Apocalypse Please,1
Time Is Running Out,1
Sing For Absolution,1
Stockholm Syndrome,1
Falling Away With You,1
Interlude,1
Hysteria,1
Blackout,1
Butterflies and Hurricanes,1
The Small Print,1
Endlessly,1
Thoughts Of A Dying Atheist,1
Ruled By Secrecy,1
Fury,1
Take a Bow,1
Starlight,1
Supermassive Black Hole,1
Map Of The Problematique,1
Soldier`s Poem,1
Invincible,1
Assassin,1
Exo-Politics,1
City Of Delusion,1
Hoodoo,1
Knights Of Cydonia,1
Glorious,1
I Get the Job Done,1
Vivant,1
Effort de paix,1
DRIVE ME CRAZY,1
Hive,1
Comin Thru,1
No Role Modelz,1
Born To Be King,1
untitled 02 !BAR 06!PRD23!PRD2014!PRD,2
untitled 01 !BAR 08!PRD19!PRD2014!PRD,1
Shabba,1
Bronxganastan (feat!PRD Oun P),1
Whiteline (feat!PRD A$AP Ferg),1
Not Above Love,1
Know Yourself,1
Musical Opposition,1
Hits from the Bong - Freestyle Record,1
Magic Island,1
No Problem,1
Le chagrin des sirènes,1
No Sorrow - Acoustic Version,1
Turtle Swing - Jazzstep,1
400 Degrees,1
Hella Hoes,1
Yamborghini High,1
Funeral for a Killer,1
Happiness,1
Just a Couple More Words,1
Can`t Forget,1
No Tears,2
WWDD!PRD,1
Stairway To Heaven,1
Canal,1
Snow Beach,1
So Sick Stories,1
Remove Ya,1
Eat,1
So It Goes,1
Puerto Rican Judo,1
Protein,1
Bug Fights,1
Take,1
Cocoa `88,1
Out The Mud,1
Astronaut P!ASTssy (feat!PRD Skeme!CMA ScHoolboy Q),1
Hate It Or Love It,1
How We Do,1
On Me (feat!PRD Kendrick Lamar),1
Turtle Ship - Remix,1
Ogre,1
Shikgoo (feat!PRD B-Free!CMA Okasian!CMA Reddy!CMA Huckleberry P!CMA Paloalto!CMA Sway D & DJ Djanga),1
Zastava (ft Acey (24K),1
Yonkers,1
Tread Lightly (feat!PRD Brad Moser),1
That`s How You Sing It,1
Let It Bump (feat!PRD Chill Moody & DJ Damage),1
Kill Whitey (feat!PRD DJ Stradegy),1
Lonely Hearts (feat!PRD Selina Carrera),1
Gunshots,1
PEACEWORLD (Interlude),1
War Cry (feat!PRD DJ Stradegy),1
I`m Not From Brooklyn,1
Love (feat!PRD Melvin McKnight & DJ Stradegy),1
Third Rock From the Sun,1
PEACEWORLD (Outro),1
Main Titles - From `Blade Runner`,1
Blush Response,1
Wait For Me,1
Rachel`s Song,1
Love Theme From ` Bladerunner`,1
One More Kiss!CMA Dear,1
Blade Runner Blues,1
Memories Of Green,1
Tales Of The Future,1
Damask Rose,1
Blade Runner - End Titles,1
Tears In Rain,1
Survivor,1
Perfect Man,1
Too Insistent - Trentemøller Remix,1
Made for You,1
Wild West Show,1
Stop - We are I!PRDV Remix,1
Sweet Love,1
Le Rayon Vert - Lewis OfMan Bleu Remix,1
Submarine,1
Wastin` Time,1
Let`s Burn Again,1
Toy Boy,1
It’s (Friday),1
Don`t Go Henry,1
Delicious Dog,1
Cramp!CMA Push and Take It Easy,1
Don’t Break the Bar Please Dumbo,1
Roman,1
Warning Sign,1
Hey You,1
Vortex of Love,1
You`re Gonna Say Yeah,1
Brother,1
Let’s Go,1
Source,1
Homage,1
Wish,1
Shark Attack,1
It`s About Time,1
Two Weeks,1
The Funeral,1
Whistle,1
Live Good - Radio Edit,1
Lost It To Trying,1
Cage of Bones,1
Flickers - Alias Remix,1
Flowers - Virtual Flannel Remix,1
Flaws,1
Creating God,1
Film Burn (feat!PRD Anomie Belle),1
