Parachute Band,Matins : Vespers
Svefn-g-englar,1
Chroma (Intro),1
It Is Well,1
Awake,1
Miss You,1
This Is Amazing Grace,1
For the Cross,1
Isabelline (Interlude),1
Oceans (Where Feet May Fail),1
Eminence (Interlude),1
Seas of Crimson,1
Jesus We Love You,1
Atramentous (Interlude),1
You Make Me Brave,1
Luminosity,1
Closer,1
Ultramarine (Interlude),1
Ever Be,1
Viridian (Interlude),1
Heaven’s Song,1
In over My Head,1
Synesthesia (Outro),1
What Does It Sound Like,1
God I Look to You,1
Forgiven,1
For the Sake of the World,1
Angels,1
Come to Me,1
To Our God,1
One Thirst,1
Worthy Is the Lamb,1
I Will Exalt,1
Montana,1
L,1
Dye,1
See,1
Apogee,1
Spectre,1
Plains,1
Awake - Com Truise Remix,1
Spectre - Bibio Remix,1
See - Beacon Remix,1
Montana - Christopher Willits Remix,1
A Walk,1
Hours,1
Daydream,1
Dive,1
Coastal Brake,1
Ascension,1
Melanine,1
Adrift,1
Epigram,1
Elegy,1
Fall,1
Always Invisible,1
Lights,1
Phantoms,1
Youth,2
Mountains,2
Wanderer,1
Seeker Pt!PRD 1,1
Seeker Pt!PRD 2,1
We`re Lost in Winter,1
Cello from Portland,1
Exile Dial Tone,1
The Size Of Sin,1
Instruments Of Mercy,1
Symbols And Signs,1
Blessed Are The Merciful,1
Release Me From This Snare,1
Organized Religion,1
According To God,1
Raise the Bridge,1
The Size Of Grace,1
Skinny Love - Sebastian Carter Remix,1
An Encounter,1
Glow,1
Time,1
First Train Home - Instrumental Version,1
Grace,1
Further Up!CMA Further In,1
Angelic Highways,1
Dwell,1
Noch,1
Rise (feat!PRD Salomon Ligthelm),1
Reverie,1
Look What I Found,1
As Needed,1
Þú ert jörðin,1
Up Ship!,1
Over Atlantic City,1
The Grand Staircase,1
Sunset Cruiser,1
The Axial Catwalk,1
Of The Airship Academy,1
In The Control Car,1
Under The Glass Observation Dome,1
Into The Gymnasium,1
The Cargo Bay,1
Arrival At Sydney Harbour,1
The Gentle Descent,1
At Anchor,1
The New Year,1
Passage,1
Familiar,1
Zion (Interlude),1
Blankets,1
Waking up on a Picnic Blanket,1
Nothing It Can,1
On Floating,1
Selah,1
Masollan,1
Kingdom of Heaven (feat!PRD Michael Miyahara),1
Tracking Aeroplanes,1
Migratory Patterns,1
Window,1
Watching the Storm,1
Treefingers,1
Rain,1
When We Meet,1
20!SMI17,1
(A) - Me Without You Album Version,1
The Alarming Sound (Inst!PRD Demo),1
Destination (Continuous Mix),1
Into The Sea,1
Your Hand In Mine,1
The Light,1
!AST Consecrate !AST,2
Boy 1904,1
Sileo,1
It`s Called!CMA `Daisy`,1
Elliptic,1
Perfect Morning - Speck from CYNE Remix,1
Twentytwofourteen,1
Sun Harmonics,1
Yr Love,1
Glider,1
Horizon,1
Slack,1
Receiver,1
Epoch,1
Division,1
Source,1
Local,1
Rings,1
Continuum,1
Field,1
Hungry Face,1
Doria,1
Behold My Servant,1
Open Your Eyes,1
B!PRDE!PRD - Instrumental,1
Without Fear of Their Return (Instrumental),1
Lighthouse,1
You Don’t Miss A Thing,1
Southampton,1
Lifeboats,1
Silence,1
Country Hymn,1
Kennesaw Mountain,1
The Deep South,1
How Sweet the Sound,1
The Tail,1
The Rider,1
Base Camp,1
South Col,1
The Fog,1
S!PRDT!PRDA!PRDY!PRD,1
Dreaming of the Crash,1
Cornfield Chase,1
Dust,1
Day One,1
Stay,1
Message from Home,1
The Wormhole,1
Afraid of Time,1
A Place Among the Stars,1
Running Out,1
I`m Going Home,1
Coward,1
Detach,1
Where We`re Going,1
Takeoff,1
Nuvole Bianche,1
Wait,1
!AST Linger !AST,2
The Wider Sun,1
Sea Of Voices,1
Lone Survivor,1
Little Sines,1
Another Day (Revised),1
Only The Winds,1
We Move Lightly,1
Alone Time,1
By The Roes!CMA And By The Hinds Of The Field,1
A Brief Walk in the Sea,1
I Know You Are But What Am I!QST,1
Zvenya,1
Last Kiss,1
Waking Up,1
Mary - Instrumental,1
e s r e v e r n i h t a e d,1
Breeze,1
Stranger Things,1
Kids,1
Eleven,1
This Isn`t You,1
Nancy and Barb,1
Overture,1
Run,1
Sovereign God,1
Holy Disaster,1
Risen King of Glory,1
Your Glory Is My Fire,1
Live To Love,1
Time To Sing,1
Christ Forever,1
Broken,1
Great Is Your Love,1
Always Been About You,1
Future Back,1
God of the Rescue,1
Shine Your Light,1
In You,1
Interlude,1
Finish What You Started,1
Rooftops,1
I Will Follow,1
Just One Touch,1
You Are God,2
Beautiful,1
My Heart Believes,1
Your Name Deserves,1
Run to You,1
Refuge,1
He Lives,1
Love Came Down,1
Your Love Is Faithful,1
I Give,1
Hope Is Rising,1
Jesus Is God (feat!PRD Judah Smith),1
Our God Is Saviour (feat!PRD Elijah Waters),1
Jesus Is Our Advocate (feat!PRD Judah Smith),1
You Reign God (feat!PRD Phillip Ferrell),1
Jesus Is the Victorious Ever Present God (feat!PRD Judah Smith & Houston Hey),1
Jesus Is Our Joy (feat!PRD Judah Smith),1
God My Hope (feat!PRD Jordan Filip),1
Jesus Is Turning Around (feat!PRD Judah Smith),1
The Smile of God (feat!PRD Sam Alvarez & Judah Smith),1
Jesus Is Bringing Sexy Back (feat!PRD Judah Smith),1
Jesus Is Loving Barabbas (feat!PRD Judah Smith),1
Jesus Is___!PRD,1
Take Over,1
Victory of Grace,1
Kingdom Coming,1
Where You Are,1
Your Promise Remains,1
Gave it All,1
Peace on Earth,1
Glorious King,1
To You Alone,1
The Faithful,1
First Love,1
Overwhelmed,1
Hear the Announcement,1
Open the Doors,1
Hope of the World,1
Wake Up,1
Beautiful Sound,1
We Move for You,1
Away With Our Fears,1
How Deep Is Your Love,1
To Know You More,1
You (Live),1
Christ in Me (Live),1
Hosanna (Live),1
Perfect Love (Live),1
You Won`t Relent (Live),1
Set Me Free (Live),1
Our God (Live),1
Rise and Sing (Live),1
Tear Down the Walls (Live),1
How He Loves (Live),1
Just Give Me Jesus (Live),1
Tell the World (Live),1
Hope Is A River,1
Keep The Fire Burning,1
Promises,1
Run To You ( + Meet You ),1
In Your Name,1
In Jesus,1
The City Of The Lord,1
!AST Hark !AST,1
!AST Halt !AST,1
!AST Still !AST,1
!AST Simmer !AST,1
Open Our Eyes,1
Oceans,1
Turn to the Savior,1
Break Down These Walls,1
Hope,1
Remain,1
Hearts Cry Out,1
Surrender All,1
You`re Coming,1
Rise,1
The Earth Will Sing,1
Holy,1
With You,1
Lay It All Down,1
Fix My Eyes (Live),1
Felix Culpa (Live),1
Seek Your Kingdom (Live),1
Defender (Live),1
Be Thou My Vision (Live),1
Higher Throne,1
All Creatures,1
Come Thou Fount,1
In Christ Alone,1
Jesus Paid It All,2
Confession,1
What Wondrous Love Is This!QST,1
One Righteous Man,1
What Have We Done!QST,1
Psalm 51,1
How Deep the Father`s Love,1
Hallelujah,1
How Great Thou Art,1
After All (Holy),1
All the Poor and Powerless,1
Oh My God !FSL I Am a Seed,1
Never Grow Old,1
