The Flaming Lips,Transmissions From The Satellite Heart
I Remember - DJ Hero Mix,1
Ready Set Go,1
Whatcha Saying Tip,1
Come and Get Me,1
It`s Me B!AST#@hes - Main,1
Invaders Must Die,1
Movin` Bass - GTA Remix,1
D!PRDO!PRDP!PRDE!PRD,1
Definition,1
Ms!PRD Fat Booty,1
What`s Beef - 2014 Remastered Version,1
Gimme The Loot,1
Where The Hood At,1
Ruff Ryders` Anthem,1
Hip Hop Is Dead,1
Holy Grail,1
Empire State Of Mind,1
Da Rockwilder,1
Bring The Pain,1
Bad Boy For Life,1
In Da Club,1
P!PRDI!PRDM!PRDP!PRD,1
Shimmy Shimmy Ya,1
Brooklyn Zoo,1
Hippa To Da Hoppa,1
Gangsta Rap Made Me Do It,1
It Was A Good Day,1
No Vaseline,1
Hey - Sega Remix,1
The Choice Is Yours (Revisited),1
Drunken Sailor,1
Uma Thurman,1
Welcome to the Black Parade,1
Na Na Na [Na Na Na Na Na Na Na Na Na],1
Helena (So Long & Goodnight),1
No Church In The Wild,1
Gold Digger,1
Gone,1
We Major,1
My Way Home,1
Jesus Walks,1
!AST!ASTBonus Track!AST!AST Diamonds From Sierra Leone,1
All Day,1
No Games,1
Cinema - Skrillex Remix,1
Paradise Circus,1
Young Folks,1
Rolling Down to Old Maui,1
Jesus Christ Super Tramp,1
Soul Finger,1
Get Up! - feat!PRD Skrillex,1
Kill Tomorrow,1
She Don`t Use Jelly,1
Shia LaBeouf Live,1
Employee of the Month,1
Theme Music (feat!PRD Nick Maxwell),1
Hollow,1
The Greatest Man That Ever Lived (Variations On A Shaker Hymn),1
Let It Go,1
Rap God,1
The Humpty Dance,1
Same Song - Edit Version,1
Top O` the Morning to Ya,1
Hello (Metal Cover),1
Feel Good Inc!PRD (Metal Cover),1
IV!PRD sweatpants,1
V!PRD 3005,1
Uptown Funk - Metal Cover,1
Friday I`m In Love,1
Paper Planes,1
3005,1
Anaconda - Metal Cover,1
Fatty Boom Boom - Metal Cover,1
Dark Horse - Metal Cover,1
Lost!,1
Viva La Vida,1
The Symphony,1
Lake Pontchartrain,1
Anything For You,1
Whatever You Like,1
Summer Breeze,1
I Remember - Caspa Remix,1
Raise Your Weapon - Original Mix,1
East Coast!FSL West Coast Killas,1
Been There Done That,1
X,1
The Pit,1
Sh!AST!ASTtin` On The World,1
Everybody Knows,1
Where the Wild Roses Grow - 2011 Remastered Version,1
Hey Pretty,1
Fade Into You,1
Veronica,1
Teach Your Children,1
Midnight Rider,1
Last Train - Remastered Version,1
Time Bomb,1
The Bomb,1
Cherry Bomb,1
Royals (Metal Cover),1
The Greatest,1
Forever,1
Hustlin`,1
How Low,1
Ms!PRD New Booty - feat!PRD Ying Yang Twins and Mr!PRD ColliPark,1
L!PRDA!PRDW!PRD (Lyrical Assault Weapon),1
Chandelier - Metal Cover,1
Wrecking Ball,1
Animals,1
Moves Like Jagger - Metal Cover,1
Toxic,1
Poker Face - Metal Cover,1
Going On,1
Potter`s Field,1
Only,1
Room For One More,1
Packaged Rebellion,1
Hy Pro Glo,1
Invisible,1
1000 Points Of Hate,1
Black Lodge,1
C11 H17 N2 O2 S Na,1
Burst,1
This Is Not An Exit,1
Auf Wiedersehen - Bonus Track,1
Cowboy Song,1
London,1
Black Lodge - Edit,1
Stronger,2
Given Up,1
