Hoelderlin,Hölderlins Traum
Koeeoaddi There - 2010 Remastered Version,1
The Minotaur`s Song - 2010 Remastered Version,1
Witches Hat - 2010 Remastered Version,1
A Very Cellular Song - 2010 Remastered Version,1
Mercy I Cry City - 2010 Remastered Version,1
Waltz Of The New Moon - 2010 Remastered Version,1
The Water Song - 2010 Remastered Version,1
Three Is A Green Crown - 2010 Remastered Version,1
Swift As The Wind - 2010 Remastered Version,1
Nightfall - 2010 Remastered Version,1
Sunshine Superman,1
Legend of a Girl Child Linda,1
Three King Fishers,1
Ferris Wheel,1
Bert`s Blues,1
Season of the Witch,1
The Trip,1
Guinevere,1
The Fat Angel,1
Celeste,1
Rubber Band,1
The Scarecrow,1
Fine Horseman,1
Winifer Odd,1
Danny Rose,1
Child Among The Weeds,1
Magical Man,1
Never The Same,1
To Make You Stay,1
Shady Lady,1
Red Wine Promises,1
Bright Phoebus,1
This Is The Way,1
A Sight To Behold,1
The Body Breaks,1
Poughkeepsie,1
Dogs They Make Up The Dark,1
Will Is My Friend,1
This Beard Is For Siobhan,1
See Saw,1
Tit Smoking In The Temple Of Artesan Mimicry,1
Rejoicing In The Hands,1
Fall,1
Todo Los Dolores,1
When The Sun Shone On Vetiver,1
There Was Sun,1
Insect Eyes,1
Autumn`s Child,1
Diamond Day,1
Glow Worms,1
Lily Pond,1
Timothy Grub,1
Where I Like To Stand,1
Swallow Song,1
Window Over The Bay,1
Rose Hip November,1
Come Wind Come Rain,1
Hebridean Sun,1
Rainbow River,1
Trawlerman`s Song,1
Jog Along Bess,1
Iris`s Song For Us,1
Love Song,1
I`d Like To Walk Around In Your Mind,1
Winter Is Blue,1
Iris`s Song - Version Two,1
To B Without A Hitch,1
Autumn Lullaby,1
Curl Your Toes,1
Like Never Before,1
The Curious Crystals Of Unusual Purity,1
Barefeet And Hot Pavements,1
I Like To Be With You In The Sun,1
Lizard-Long-Tongue Boy,1
Hello Again (Of Course),1
Many Happy Returns,1
Broken Faith,1
Ask Me Know Questions,1
Suzanne,1
The Road Was Lonely,1
Leaf House,1
Who Could Win A Rabbit,1
The Softest Voice,1
Winters Love,1
Kids On Holiday,1
Sweet Road,1
Visiting Friends,1
College,1
We Tigers,1
Mouth Wooed Her,1
Good Lovin Outside,1
Whaddit I Done,1
Genesis Hall,1
Si tu dois partir,1
Autopsy,1
A Sailor`s Life,1
Cajun Woman,1
Who Knows Where The Time Goes!QST,1
Percy`s Song,1
Million Dollar Bash,1
Dear Landlord,1
The Ballad Of Easy Rider,1
Kensington Blues,1
Cross The North Fork,1
Cathedral Et Chartres,1
Rappahanock River Rag (For William Moore),1
Sunflower River Blues,1
Now That I`m A Man Full Grown II,1
Flirtin` With The Undertaker,1
Calais To Dover,1
Tonight,1
I Lost Something in the Hills,1
The End,1
Softly,1
Remember the Day,1
Forget About,1
William,1
Says Elliott,1
Colour Green,1
Driving,1
Girl,1
Wim,1
Forgett,1
Give Me a Smile,1
The Falconer`s Arm - Instrumental,1
Lost Lagoon Suite - Instrumental,1
Pavan Hindustan - Instrumental,1
Song Of The Snowy Ranges - Vocal,1
Pasha - Vocal,1
A North American Raga (The Plumstar) - Vocal,1
Roses And Snow - Vocal,1
The Hajj - Instrumental,1
Khatum - Instrumental,1
Bottleneck Blues - Instrumental,1
Bill Cheatum - Instrumental,1
Lewisdale Blues - Instrumental,1
Bean Vine Blues - Instrumental,1
Bean Vine Blues - #2,1
A Raga Called Pat - Part III,1
A Raga Called Pat - Part IV,1
Train - Instrumental,1
Je Ne Me Suis Revellais Matin Pas En May - Instrumental,1
The Story Of Dorothy Gooch - Part 1,1
Nine-Pound Hammer - Instrumental,1
Lonesome Valley - Instrumental,1
Trotto !FSL Saltarello - Medley,1
Lamento di Tristano - La Rotta - Saltarello - Medley,1
Veri floris !FSL Triple Ballade - Medley,1
Bransle Gay !FSL Bransle de Bourgogne - Medley,1
Alman !FSL Melancholy Galliard - Medley,1
Sarabande,1
The Lady and the Unicorn,1
My Johnny Was a Shoemaker !FSL Westron Wynde !FSL Scarborough Fair - Medley,1
My Johnny Was a Shoemaker,1
Three Dances Medley!SMI Brentzel Gay !FSL La Rotta !FSL The Earle of Salisbury - Live at The Royal Festival Hall!CMA 1968,1
The Jeweler,1
From The Movie Of The Same Name,1
Rocket Man,1
God Save The Child,1
Song About A Rose,1
Tell Me Why,1
Margery,1
The Old Man,1
Riegal,1
When The War Began,1
Airs 1,1
Airs 2,1
Airs 3,1
Airs 4,1
Airs 5,1
Airs 6,1
Airs 7,1
Airs 8,1
Airs (The Lost Track),1
Airs 9,1
Airs 10,1
Airs 11,1
Airs 12,1
Airs 13,1
Airs 17,1
Airs 18,1
The Death of Shelley,1
The Waggoner`s Lad,1
The First Time Ever I Saw Your Face,1
Jack Orion,1
The Gardener,1
Nottamun Town,1
Henry Martin,1
Black Water Side,1
Pretty Polly,1
Betty and Dupree,1
Black Is the Colour,1
Wish I Was a Single Girl Again,1
I`m a Man of Constant Sorrow,1
Jane!CMA Jane,1
Lost Jimmie Whalen,1
The Rising of the Moon,1
Hangman,1
Turtle Dove,1
Plastic Jesus,1
Polly Vaughn,1
Time Has Told Me,1
River Man,1
Three Hours,1
Way To Blue,1
Day Is Done,1
` Cello Song,1
Thoughts Of Mary Jane,1
Man In A Shed,1
Fruit Tree,1
Saturday Sun,1
Rowena - Full Version,1
Loved Owed - aka Love Ode,1
Left Over Time,1
Lying To Myself,1
The Sailor And Madonna,1
Ox Blood,1
Yorric,1
Midnight Comes,1
Ghost Town,1
Dau Rhosyn Coch,1
Ballad Of Old Joe Blind,1
Great Houdini,1
All About A Dream,1
Evening Comes Up,1
Upon The Mountain,1
Where Have All My People Gone,1
Yorric - Early Version,1
The Sailor And Madonna - Early Version,1
Blue Sleep,1
Ballad Of Old Joe Blind - Alternate Version,1
Waren Wir,1
Strohhalm,1
Requiem Für Einen Wicht,1
Erwachen,1
Wetterbericht,1
Traum,1
