Alabaster Skeleton,Stay Cool; Have A Great Summer
Cry Baby,1
Dollhouse,1
Sippy Cup,1
Carousel,1
Alphabet Boy,1
Soap,1
Training Wheels,1
Pity Party,1
Tag!CMA you`re it,1
Milk and Cookies,1
Pacify Her,1
Mrs!PRD Potato Head,1
Mad Hatter,1
Play Date,1
Teddy Bear,1
Cake,1
You`re the Best - EP Version,1
Small Things,1
Hustler,1
Never Get To Heaven,1
If I Loved You,1
Sober,1
Wax & Wane,1
Deep Dark Below,1
High By The Beach,1
Suitcase - Live At The Cherrytree House!FSL2013,1
Buttons,1
Blood Love,1
Come Get Her,1
Till It`s Gone,1
Bad Things,1
I Don`t Mind,1
Kick The Dust Up,1
See You Again (feat!PRD Charlie Puth) - From `Furious 7`,1
Boulevard Of Broken Dreams - feat!PRD John Gallagher Jr!PRD!CMA Rebecca Naomi Jones!CMA Stark Sands!CMA Company [Album Version],1
Half Broke Heart,1
Sunny Road,1
Hold Onto Me,1
2AM,1
Car Radio,1
Kill The Lights,1
Strip It Down,1
Just Over,1
Huntin`!CMA Fishin` And Lovin` Every Day,1
Goddamn Lonely Love,1
Good For You,1
Heartbeat,1
Pretty,1
Summertime Sadness (Acoustic Cover) Feat!PRD Keelan Donovan,1
Bad Blood,1
Chandelier,1
The Heart Wants What It Wants,1
No Role Modelz,1
There Are Worse Things I Could Do,1
I Will Remember You,1
2 On,1
Take Me To Church,1
Runaway,1
Back To Black,1
Rehab,1
You Know I`m No Good,1
Tears Dry On Their Own,1
