Andrew Bird,The Mysterious Production of Eggs
Ethio Invention no!PRD 1,1
Hover I,1
Hover II,1
Ethio Invention no!PRD 2,1
Beyond The Valley Of The Three White Horses,1
Lit from Underneath,1
Even If We Try,1
Fatal Shore,1
Hole In The Ocean Floor,1
Take Care,1
I`ll Be Around,1
Logan`s Loop,1
Pulaski at Night,1
Something Biblical,1
Lazy Projector,1
Enchanting Ghost,1
Lusitania,1
Spirograph,1
Sovay,1
tenuousness,1
Low Man,1
Someone You`d Admire,1
Section 8 City,1
Heirloom,1
Song For Woodthrush,1
Broken Chair,1
As Long As It Takes,1
Without a Doubt,1
Dreamer,1
Heirlooms,1
Eugene,1
Helen,1
Demon Host,1
For Papa,1
We`ll Find Out,1
Waltz,1
Rabbit Run,1
These Things,1
One Two (2009),1
The Gardener,1
The Wild Hunt,1
Love Is All,1
Leading Me Now,1
Wind And Walls,1
Little Brother,1
Criminals,1
Little River,1
To Just Grow Away,1
1904,1
Burden Of Tomorrow,1
Troubles Will Be Gone,1
You´re Going Back,1
The Drying Of The Lawns,1
Thousand Ways,1
A Lion´s Heart,1
Far From Any Road (Be My Hand),1
Cleo`s Song,1
Heartbeats,1
The Waves At Night,1
Fold,1
Almanac,1
Father,1
These Days,1
Fields of Our Home,1
Singers,1
Little Nowhere Towns,1
Dark Bird Is Home,1
Timothy,1
Seventeen,1
The Only Thing,1
No Shade in the Shadow of The Cross,1
Concerning the UFO sighting near Highland!CMA Illinois,1
In the Morning,1
Nantes,1
Museum of Flight,1
Amsterdam,1
I`m Not Falling Asleep,1
Elephants & Little Girls,1
Polynation,1
Desperation Breeds…,1
Should Have Known Better,1
Fireweed,1
Elephant Gun,1
Measuring Cups,1
Advanced Falconry,1
Brushbloom Glow,1
Postcards from Italy,1
Start a War,1
The animal,1
Elysium,1
You,1
The Barn Tapes,1
The Sifters,1
Manchester,1
The Ribbon,1
Sagres,1
Valleys Of The Young,1
Left Handed Kisses,1
The Happy Birthday Song,1
The New Saint Jude,1
One April Day,1
Give It Away,1
First Song,1
Young at Heart,1
Fire-Scene,1
As Needed,1
Spare Ohs,1
Time Of The Blue,1
Rivers,1
Chemical Switches,1
Pulaski,1
Truth Lies Low,1
I Was A Cloud,1
You Remain,1
The Strive!CMA the Strive!CMA the Strive!PRD!PRD,1
Danse Carribe,1
To Build A Home,1
effigy,1
Working Titles,1
Nada Em Vão,1
