Parade of Lights,Feeling Electric
How It`s Supposed to Be,1
So Go,1
The Greener Side,1
Without You,1
Lucy (Hurt People Hurt People),1
Drunk Mind!CMA Sober !LNG3,1
Home Away from Home,1
Choose You Twice!PRD,1
Kicks,1
Malibuu (feat!PRD Lani Renaldo),1
Next 2 U (feat!PRD Kiki Halliday),1
Wait Right Here,1
Oh!CMA Hello,1
Seven Strangers,1
Contemplative Drunk,1
The Hangover Song,1
Tryouts,1
Feeling Electric,2
Wake Up,2
Golden,2
Undefeatable,2
We’re The Kids,2
Can`t Have You,2
Silver And Gold,2
The Island,2
Burn,2
Memory,2
Put `Em Up - JoniK Remix,3
Kids Conspire,1
IWD4U,1
Pieces (Guy Furious Remix),1
Fallback,1
Start A Riot - Dave Edwards Remix,1
Beat Goes Drop,1
Yesterdays,1
Withdrawal - Super Duper Remix,1
Soldier,1
Déjà Vu,1
Afterlife,1
Five Past Ten,1
There With You,1
Fahrenheit (Axero Remix),1
Everything,1
Girls Your Age,1
Tidal Wave,1
Way Up (feat!PRD Ava Re),1
Out Of My League - Josh One Remix,1
You,1
The Moment (feat!PRD Ben Fagan),1
Time (feat!PRD Kyle Reynolds),1
Touch (feat!PRD Jackie Pember),1
Who`s Got You Singing Again,1
Bad 4 U - Radio Edit,1
When I`m Away,1
Cadence,1
The Worst,1
LFTM (feat!PRD Felly),1
Prism,1
Matthew James,1
We Move Like The Ocean,1
Cardiac Arrest,1
Pretend,1
Take My Love and Run,1
Dancing On Quicksand,1
Salt,1
Transpose,1
Learn to Trust,1
Sleep Paralysis,1
Rearview,1
Into The Barrens,1
Troublemaker,1
Hymnals,1
The Struggle,1
Bob Marley,1
Waking Up The Giants,1
Waiting For You,1
Vagabonds,2
Bounty On My Head,1
Cosmic Angel,1
Bohemian Bird,1
Wide Awake,1
Texas,1
Apollo,1
Paris,1
Catherine,1
Chicagoland,1
Honey,2
Tonight,1
Every Day,1
Out of Mind,1
Waves,1
Too Much,1
It All Starts Here,1
Hold Me,1
Wild,1
Yellow Paper,1
We Can Glow,1
Stay,1
Pick up the Phone,1
Monster,1
Waiting for You,1
Mais La,1
Where I`m Going,1
Ghost,1
Gold,1
You Haunt Me,1
Found You Out,1
Nowhere !FSL Bloodlines Pt!PRD I - Medley,1
Inferno,1
Leave You,1
Floods,1
Too Far Gone,1
Helpless !FSL Bloodlines Pt!PRD II - Medley,1
Witches,1
American Love,1
Killer Whales,1
Dreaming,1
Karaoke,1
Street Fight,1
Mason Jar,1
Over & Over,1
Lovetap!,1
What`s That A Picture Of!QST,1
Dyin` to Live,1
Admission To Your Party,1
9 to 5,1
No Story Time,1
(Submarine),1
Little Games,1
Wishing Wells,1
We Won`t Go Home,1
Yes Yes,1
Tonight (Young Hearts),1
Stray Away,1
What Can I Say,1
Say You Need Me,1
Fix This,1
Oh Goodbye,1
Put The Fire Out,1
16 Years,1
Right On Track,1
Beware The Dog,1
If You Wanna Stay,1
Down And Out,1
Be Impressive,1
Live This Nightmare,1
America,1
Thread The Needle,1
Aurora Borealis,1
Not Ready Anymore,1
Rootless,2
We Come Running,2
Dreams,1
Dannyboy,1
Stars (Hold On),2
Glacier,1
Sleepless Streets,1
Say Say,1
Blackbeak,1
Forever,2
Live & Die,1
Last Time,1
Survival,1
We Come Running - Commentary,1
Stars (Hold On) - Commentary,1
Forever - Commentary,1
Rootless - Commentary,1
We Come Running - Acoustic,1
Renegades Of Funk,1
