Jank,Awkward Pop Songs
Day Glo,1
Obligatory Folk Punk Song,1
Leaf Ellis,1
Allen Page`s Midnight Ride,1
Aesthetic!QST (More Like Ass-Pathetic),1
Naruto Themed Sexting,1
Empire Ants (feat!PRD Little Dragon),1
Heart It Races - Dr Dog Version,1
Long Shot,1
Irene,1
Sleeping Lessons,1
Smooth Jazz,1
Stay Home,1
Never Meant,1
Bear Hands,1
When I See You (Timberwolf),1
Either Way,1
Comin` from Tucson (Limbeck Cover) [Live],1
God Made Man,2
Home,1
Hope,1
I Think You Were in My Profile Picture Once,1
The Medic,1
Pothole,1
Who Knows Who Cares,1
Learning Curves,1
Drought of Snow,1
A Few Screws Loose,1
Learn to Share,1
Pizzanomics,1
Locus of Control,1
Egocentrism,1
Fever,1
Sea,1
Hold On,1
Forrest Gump,1
Ivy,1
Self Control,1
Nikes,1
Nights,1
Solo,1
Lay-by,1
Woe Is Me!FSLHawaii (I Don`t Want to Go),1
The Breeze,1
Cough Syrup,1
I Got,1
Apartment,1
Islands,1
Guns Out,1
Strings - Reprise,1
The Less I Know The Better,1
Let It Happen,1
Feels Like We Only Go Backwards,1
Eventually,1
Beautiful World,1
With You,1
Fault Line,1
Your Eyes (feat!PRD Njomza),1
Nobody Knows,1
