Dawid Podsiadlo,Comfort and Happiness
Can`t Catch Tomorrow (Good Shoes Won`t Save You This Time),1
A Town Called Hypocrisy,1
Come Back Home,1
I Can Talk,1
Beautiful Now,1
Done With Love,1
Next Year,1
Find You - Acoustic - Live In Los Angeles,1
Kangaroo Court,1
Safe And Sound - Dzeko And Torres’ Digital Dreamin Remix,1
I Sold My Bed!CMA But Not My Stereo,1
Tell Me How To Live,1
One Minute More,1
Next Year - Superpoze Remix,1
Changing Of The Seasons,1
Burn!CMA Burn,1
I Don`t Know,1
Addicted To A Memory,1
Papercut,1
Bumble Bee,1
Illusion,1
Something Big,1
The Wheel,1
All The Right Moves,1
Secrets,1
Artifice,1
Lessons,1
Tremors,1
Gives You Hell,1
Dirty Little Secret,1
It Ends Tonight,1
Move Along,1
Say My Name (feat!PRD Zyra) - Jai Wolf Remix,1
S&T,1
No,1
And I,1
Elephant,2
I`m Searching,1
Little Stranger,1
Beautiful Now - Rock Mafia Remix,1
Hourglass,1
Lost At Sea,1
Operate,1
What Do You Mean!QST,1
Hymnals - RAC Mix,1
Faster Ride,1
Transmission Home,1
Running in the Sun,1
Love Runs Out,1
The Walker,1
Lydia,1
Nearly Forgot My Broken Heart,1
Beautiful Now - Lophiile Remix,1
Stitches,1
Strings,1
A Little Too Much,1
Bring It Back,1
Right Time,1
Whirring,1
Absolutely,1
Glow,1
Gangsta Walk,1
Blackout - Radio Edit,1
Shave It Up,1
Feel It,1
With A Kiss,1
Let`s Get Started,1
Stand!,1
In & Out - Chill Edit,1
Destinations,1
A Night in Paris,1
7 Years,1
Candyman,1
Marbles & Drains,1
Never Been,1
It Ain`t Right - Original Mix,1
No - Zwette Remix,1
AfricAryaN,1
1-800-273-8255,1
America,1
Bonfire,1
Alarm Clock,1
Alright,1
Cough Syrup,1
Cold Cold Man,1
Sweater Weather,1
Sweet Emotion,1
Daft Pretty Boys,1
You Haunt Me - SoySauce Edition,1
Ares,1
Fire Alarm,1
Help Our Souls,1
Daylight,1
For Elise,1
Let Me Love You - Recorded at Spotify Studios NYC,1
Never Enough,1
Buttercup,1
It`s A Man`s!CMA Man`s!CMA Man`s World (Live) - Spotify Exclusive,1
New Biome,1
Jungle (Radio Edit),1
Two High,1
Hate To Say I Told You So,1
More Than You Know,1
Walk On Water,1
Sober,1
Sober Up,1
I Found A Girl,1
Since U Been Gone,1
Cardiac Arrest,1
end,1
Gene Simmons (Feat!PRD Anders),1
I Don`t Feel Anything,1
Feel Something,1
Lights Shine Bright - JT Daly Remix,1
Hangman,1
Take It All Back - GOLDHOUSE Remix,1
you`re my world,1
Red Lights (feat!PRD Dotter),1
Believe,1
Pause (Feat!PRD Coin Banks!CMA Sable & Nic Di Lena),1
U-RITE - Rynx Remix,1
Love Less,1
The Waitress Song,1
The King is Dead,1
Astray,1
Seven Laps,1
Sally,1
Everyone Everything,1
Monsoon,1
Live It Up,1
Arpeggios From Hell - Bonus,1
Knock Knock,1
Too Close,1
Love Me Less,1
Music Box ft!PRD Phrase,1
Use Somebody,1
Sex on Fire,1
It Ain`t My Fault,1
Sound & Color,1
Don`t Wanna Fight,1
Slow Disco,1
Headphones,1
The Sky Is A Neighborhood,1
Legendary,1
So Tied Up - moreBishop,1
You Wanna Know - Remastered,1
Misery,1
Fears,1
Hold On,1
Work for It,1
Beaten In Lips,1
The Worst In Me,1
Texas Is Forever,1
Aggression,1
All Star,1
Aggressive,1
RISE,1
Personal,1
Just Drive,1
カルマの犬,1
Corridor,1
Hatsumimi,1
Vull,1
Wolves of Winter,1
Captivate You,1
