Cherub,Year of the Caprese
Attention,3
Firebird,2
That`s What I Like,5
Cake By The Ocean,1
Bad Liar,2
Tainted Love,1
Genghis Khan,1
Love On Me,2
A Little Less Conversation - JXL Radio Edit Remix,1
Heartbeat,2
Fresh Eyes,1
I Feel It Coming,3
It Ain`t Me (with Selena Gomez),2
In the Name of Love,3
Clarity,2
Paris,3
Indian Summer,2
It Wasn`t Me,1
Gold Digger,1
Miscommunication,1
Somebody Else,2
Cough Syrup,2
New Americana,4
Don`t Let Me Down,6
Closer,9
Come & Get It,1
The Heart Wants What It Wants,1
Hands To Myself,2
Sober,3
Body Heat,1
Ophelia,4
Hey Girl,1
Just Another Day,1
Grigio Girls,1
Malibu,3
Talking Body,3
Stay (with Alessia Cara),2
Latch,2
Stressed Out,1
Riptide,4
Don`t Wanna Know (feat!PRD Kendrick Lamar),2
Can`t Feel My Face,3
I Took A Pill In Ibiza - Seeb Remix,1
Starving,1
Let Me Love You,3
Stand Up,1
This Is What You Came For,2
Want to Want Me,3
Cheap Thrills,4
American Money,2
First Time,2
Love Me Like You Do - From `Fifty Shades Of Grey`,3
Lights - Single Version,2
Hunter,1
No Money,2
Runaway (U & I),2
Shape of You - Galantis Remix,1
Peanut Butter Jelly,1
Drama,1
I Love You Always Forever - Mighty Mike & Teesa Remix,1
Pink Lemonade,1
Dangerous (feat!PRD Joywave),1
Weak,2
Feels,3
Rock Bottom,1
Party`s Over,1
Supercut,1
Hard Feelings!FSLLoveless,1
Talk Too Much,3
Thunder,1
Hell Nos And Headphones,1
Electric Love,7
Say It,4
Pretty Girl - Cheat Codes X CADE Remix,1
Just Call (feat!PRD Bella Thorne),1
Fetish (feat!PRD Gucci Mane),2
Issues,1
Dog Days Are Over,2
Root Beer Float,2
Eden,1
Location,3
New Rules,1
Lean On (feat!PRD MØ & DJ Snake),4
Straightjacket,1
Roses - Radio Edit,1
Louder!CMA Harder!CMA Better,1
Stay Together - Hit-Boy Remix,1
Wolves,2
If You Let Me,2
Late Night,1
Lanes,1
Stay,1
Used To Love You,1
Deja Vu,2
Crush,1
Losin Control,1
Come and See Me (feat!PRD Drake),2
What They Want,1
Harveston Lake,1
Planez,1
Drama (feat!PRD Drake),1
Needed Me,3
Sex With Me,1
Love On The Brain,1
Stay - Album Version (Edited),1
Love Yourz,2
Wet Dreamz,3
Blessings,3
The Way (feat!PRD Chance the Rapper),1
In the Morning,1
Me!CMA Myself & I,3
My Favorite Part,1
All The Girls,1
Planet God Damn (feat!PRD Njomza),1
Soulmate,1
Talking to Myself,1
Frustrated,1
Love Inside,1
Starboy,2
Over Again,1
No Role Modelz,3
Lately (feat!PRD Bugus & Musa),1
White Iverson,3
Apparently,1
G!PRDO!PRDM!PRDD!PRD,1
Someone to Drink With,1
Down for You,1
Psycho!CMA Pt!PRD 2,1
Congratulations,2
Nothing Without You,1
Die For You,2
Alone,1
Redbone,3
A Lonely Night,2
All I Know,1
Six Feet Under,1
Secrets,1
Trust Nobody (feat!PRD Selena Gomez & Tory Lanez),2
Patient,1
Make You Feel,1
Can I,1
Too Young,1
Let`s Go,1
Miss You,2
Fantasy,2
All The Time,1
Light,2
Free Love,1
Show Me,1
That`s Love,1
Doses & Mimosas,16
IV!PRD sweatpants,1
V!PRD 3005,2
I!PRD the worst guys,1
Slow Dancing in a Burning Room,2
Gravity,3
Monogamy,7
XOXO,11
Hold Me,5
Disco Shit,6
Electric (feat!PRD Khalid),1
Say My Name,5
Ex Calling,1
Down,3
Let`s Get Lost,3
The Heart of Life,1
Love Lost,1
Suga Suga,1
Get It Together,1
Rollin,2
Stranglehold,1
Slow Down Love,2
Hyperreal,1
Nobody Else But You,2
Run Me Dry,1
Weight in Gold,2
Love Galore,1
One I Want (feat!PRD PARTYNEXTDOOR),1
talk is overrated,1
Coaster,1
Too Good,3
Unsteady,1
With You,1
Mr!PRD Rager,1
Selfish,4
Easily,2
From Time,1
I Fall Apart,1
Vibrations,1
Quit (feat!PRD Ariana Grande),1
do re mi,1
I Will Wait,2
Lover Of The Light,1
Hopeless Wanderer,1
White Blank Page,1
Awake My Soul,1
Some Way,1
Me & U,1
Held Me Down,1
moodz (feat!PRD 24hrs),1
Hopeless,1
Saved,1
Umbrella,1
Play,1
Falling,1
Get You (feat!PRD Kali Uchis),1
Elevated,1
Power Trip,2
Boys,1
Middle Of The Night,1
Wave,1
Bonfire,2
Kids,4
You See Me,1
Fire Fly,1
You & Me - Flume Remix,2
Magnets,2
Myself,1
Up,1
Not Going Home,1
Nights With You,2
Before He Cheats,1
Grenade,1
Naughty Girl,1
Crazy In Love,1
I Love It (feat!PRD Charli XCX) - feat!PRD Charli XCX [Original Version],1
What`s My Name!QST,2
Baby Boy (feat!PRD Beyonce),1
Unforgettable,2
Hotline Bling,1
Idfc,3
Signs,4
i miss the old u,1
Keep On,1
Treat Me Like Fire,2
Relationship (feat!PRD Future),1
Normal Girl,1
It Was A Good Day,1
Afire Love,1
Passionfruit,3
Homemade Dynamite - REMIX,1
Overwhelming,1
Lifeline,1
Feel so Good (feat!PRD Lance Thompson & D4),1
Ultralight Beam,1
Missed Calls,1
Ahead Of Myself,1
Feel It Still,2
Bite My Tongue,1
Off My Mind,1
Don`t Need Your Love (Maths Time Joy Remix),1
For What It`s Worth,1
Talk Too Much - Patrick Stump Remix,1
Man on the Moon,2
Playing To Lose - Live,1
Circles,4
White Noise,1
June!CMA After Dark,1
More Than You Know,1
Forgiveness,1
I`m Stuck,2
Run - Lost Frequencies Radio Edit,1
Tropics,1
Love on the Weekend,2
In the Blood,1
Breathe - Lauv Remix,2
Surprise Yourself - GRYFFIN x Manila Killa Remix,1
One Step At A Time,1
Speak Too Soon,1
Ultralife,1
Better Parts,1
Blossom,1
River Water,1
Green Light,1
All On Me,1
The Rain,1
White T-Shirt (Golden Coast Remix),1
Wilderman,1
These Hands - Oliver Nelson Remix,1
Let`s Run Away,1
Swing Tree,1
Sunset Lover,2
Step Down - CRNKN Remix,1
East Coast,1
Better Withu,1
Sheep,1
ILYSB,2
On + Off,1
Love$ick (feat!PRD A$AP Rocky),1
This Is Gospel,1
Out Of My System,1
Safe,1
Waves,2
Think About You,1
The Greatest,2
Lose It,1
Brazil,1
Let`s Fall in Love Some More,1
Show Me The Way,3
Pristine,1
Luxury,1
Woke The F!ASTck Up,1
NoLo,2
Let Go,2
Young Folks,2
Next Year - RAC Remix,2
Our Own House,3
Blue Jeans - RAC Mix,1
Hollywood,1
Bad At Love,1
It`s Strange,1
Cheap Sunglasses,1
Don`t You Cry For Me,1
Skinny Love,1
Thief,1
Guillotine,3
Sunday Candy,2
Stubborn Love,1
Past Lives,2
Dug My Heart,1
Half of My Heart,1
Put a Light On,2
Matches,1
Evil Twin,1
Ain`t It Fun,1
I Bet My Life - Alex Adair Remix,1
Angela,1
Don`t Leave,3
The One,3
Hold,1
Technicolour Beat,1
Afterglow,1
Silvertongue,1
Swim - RAMI Remix,1
Broken Record (Louis the Child Remix) [feat!PRD Joni Fatora],1
Welcome To Your Life,2
Coffins,3
South,2
Wasted Youth,1
Alaska,1
Stolen Dance,4
Good Life,1
All Falls Down,1
OctaHate,2
Good Grief - Don Diablo Remix,1
False Alarm,2
For You - Bearcubs Remix,1
Bridge Burn,1
Thunder Clatter,2
Something Good Can Work - RAC Remix,1
Dead Sea,1
Come Back To Me - filous Remix,3
Changing Of The Seasons,2
Flashed Junk Mind,2
Tired of Talking,1
Sun,1
Breaking Up My Bones,1
Long Way From Home,1
40 Day Dream,1
Life In Technicolor ii,1
Seventeen,1
Cold Cold Man,1
Coming Home (feat!PRD Sons of the East),1
Bloodsport,2
Free (feat!PRD Emeli Sandé),1
Make Your Mind Up,1
Heartbreaker,7
Bones,3
Swim,2
Rewind,2
Holy Ghost,1
Little Talks,2
Good Vibes,1
Falling and You Caught Me,1
In the Shadows,1
Beast of Burden,1
The Recipe,1
Luxuries,1
Temporary Love,1
The Beautiful Game,1
Fool,1
Float On,3
Elevate,2
Amerika,1
September Song,1
Paralysis,1
Hospital Beds,1
Nine In The Afternoon - Radio Mix,2
Can`t Go Home,1
Dying for You (feat!PRD Alex Aris),1
Capsize,2
King - Anevo Remix,1
Gone - Nicolas Haelg Remix,1
Coming Over - filous Remix,1
Never Been In Love (RAC mix),1
Crazy,2
Say My Name (feat!PRD Zyra) - RAC Mix,1
Pumpin Blood - The Jane Doze Remix,2
Bacon,1
The Kids Aren`t Alright,1
Chasing Hearts,1
We Party,1
Back Then,1
The Drugs,1
Sativa,1
Head and Money,1
IHTST,1
Coast Is Clear,1
The Birds and The Bees,1
Classified,1
Do I (Where We Are),5
Work the Middle,4
Jazzercise `95,3
Strip to This,6
Promise,3
Chocolate Strawberries,6
This Song Is for You,5
Chocolate,3
Girls,3
The City,1
Fallingforyou,1
The 1975,1
M!PRDO!PRDN!PRDE!PRDY!PRD,1
Talk!,1
Heart Out,1
Robbers,1
Settle Down,2
Menswear,1
Pressure,2
She Way Out,1
Me,1
Kyoto,1
Ginseng Strip 2002,1
Yoshi City,1
Hurt,1
Gatorade,1
Oreomilkshake,1
Lightsaber !FSL!FSL Saviour,1
Oceans 2001,1
Solarflare,1
Nitevision,1
Emails,1
Deathstar !FSL!FSL Getting Benjamins,1
Lemonade,1
Greygoose,1
Superhuman - Titchimoto Remix,1
Diamond Sky (feat!PRD Laura Brehm),1
How Sweet It Is [To Be Loved By You],1
Comfort Inn Ending (Freestyle),1
3!SMI16AM,1
The Worst,2
Stay Ready (What A Life),1
The Vapors,1
Bed Peace,2
Thinkin Bout You,2
Novacane,2
Pyramids,1
Swim Good,1
Wicked Games,3
The Morning,3
High For This,2
The Zone,2
House Of Balloons !FSL Glass Table Girls,1
The Party & The After Party,1
Loft Music,1
Next,1
Often,2
The Town,1
Habits (Stay High) - Hippie Sabotage Remix,1
Buried Alive,1
Devils Touch - CANVAS Remix,1
Jubel - Original Mix,1
Concrete,1
Over It,1
No More Bad Days,1
History,3
Roots and Branches (Meant To Be Alone),1
Bound to Break,1
Better With You,1
Looking Back,1
Don`t Say,3
405,1
Uncover,1
Separate You,1
Night Drive,1
Stay the Same,1
Datev,1
Not so Young,1
Half Dust,1
Oceans,1
Acacia,1
Slow Down,1
We Knew Her at Once,1
Way Down,1
Brilliance,1
Wonderwall - Remastered,1
Avaritia,1
Sun Models,1
The Hills,1
Often - Kygo Remix,1
Valerie,1
Here,2
80s Mercedes,1
Party Girls,1
Smoke Filled Room,1
Footsteps,1
Sex,1
Middle,2
oui,1
Elastic Heart,2
Father Stretch My Hands Pt!PRD 1,3
Ride,5
One Dance,3
Hymn For The Weekend,1
Kno One,1
Flex (Ooh!CMA Ooh!CMA Ooh),2
Summer Sixteen,1
Panda,1
Work,1
Calm Down,2
Lady Killers (feat!PRD Hoodie Allen),1
Live Your Life (feat!PRD Rihanna),1
Consideration,1
Feel No Ways,2
Childs Play,1
Controlla,2
Still Here,1
Never Be Like You,3
Trying To Be Cool,1
Florida Kilos,3
Help Me Lose My Mind,3
Itchin` On A Photograph,3
Money Longer,1
Tongue Tied,2
We Found Love,1
She`s So Mean,1
Famous,2
Minnesota,1
Uber Everywhere,1
Skrt,1
Deep End (feat!PRD Eastside and Mayer Hawthorne),2
Summer,1
Breezeblocks,2
Insane,2
Emoticons,1
Just So You Know,1
Best I Ever Had,1
Morocco,2
Younger - Kygo Remix,1
Magic,2
Daylight,4
Young Blood,3
Punching In A Dream,2
Promiscuous,1
10!CMA000 Emerald Pools,2
Dopamine,2
Caribou Lou,1
Crave You - Adventure Club Remix,1
Lollipop,2
7!FSL11,2
Fashion Killa,1
Work Out,1
Feeling Myself,2
20 Joints,1
Weekend - Jai Wolf Remix,1
Work REMIX,1
I Come Apart,1
Buzzin`,1
Fly,2
Broccoli (feat!PRD Lil Yachty),1
Desperado,1
Kiss It Better,1
Cold Water (feat!PRD Justin Bieber & MØ),3
Everywhere - Remastered,1
We Could Fly,1
Paradise People,1
Happiness,1
Let the Love In,1
The Shallow End,1
Dontcha,2
You Know What,2
Run To The Sun,1
Number One,2
September,2
Back Together,1
Tie The Knot,1
Get In My Way,1
Distorted Love (feat!PRD Ronika),1
Days Go By,1
Hang on 2 Your Love (feat!PRD Durand Bernarr),1
Breakfast Can Wait - Espresso,1
Shake Ya Ass,1
American Boy (feat!PRD Kanye West),1
Margarita - Feat!PRD Pharrell & Big Boi,1
Give It To Me Baby,1
Clingwrap,1
Hot Mess,2
Dancing in the Moonlight,1
Hollywood Swinging,1
Get Down On It - Single Version,1
Sing a Song,1
P!PRDY!PRDT!PRD (Pretty Young Thing),1
Rock with You - Single Version,1
Billie Jean,1
A Night to Remember,2
Happy - From `Despicable Me 2`,1
Perfect Defect,1
Love Foolosophy - Radio Edit,1
Canned Heat,1
The Mexican,1
Beyond,1
Lose Yourself to Dance,1
Give Life Back to Music,1
DARE,1
Clothes Off!! - Explicit Album Version,1
Get Lucky - Radio Edit,1
Home To You,1
Fall in Love,2
Shades Of Black,1
Center Stage,1
One Minute More,1
Chicago,1
Loving You,1
Blue Gangsta,1
Xscape,1
Chicago (Original Version),1
Love Never Felt so Good,2
Rather Be (feat!PRD Jess Glynne),3
Jealous (I Ain`t With It),2
Come Alive (feat!PRD Toro y Moi),1
Over Your Shoulder,2
Somethingood,1
Fall Back 2U,1
Dancing With The DJ,1
Lifesaver,5
I`m That Chick,1
Extraordinary (feat!PRD Sharna Bass),1
Come Over (feat!PRD Stylo G),1
Foreign Language - Flight Facilities Extended Mix,2
Restart,1
Baby I`m Yours (feat!PRD Outlines) [Siriusmo Remix],1
Uptown Funk,3
Sucker for Love,4
Best Friend`s T-Shirt !FSL Saudia,1
Daffodils,2
Valerie - Version Revisited,1
Ooh Wee (feat!PRD Ghostface Killah!CMA Nate Dogg!CMA Trife & Saigon),1
One Minute More - Dream Fiend Remix,1
One Minute More - Elektromekanik Remix,1
Buffalo,1
Heroes (we could be) - Amtrac Remix,1
Best Be Believing - Shadow Child Remix,1
Let Me Clear My Throat - Live,1
Treasure - Sharam Radio Remix,1
Rumors - Radio Edit,1
Firestone,2
Pikachu - Original Mix,1
Turn it up - Tchami Remix,1
Never Too Much,1
Forget Me Nots,1
Forget Me Nots - 12` Version,1
Love Come Down (12` Version) - Remastered,2
Shame - 12` Disco Version,1
I`m In Love,1
Got to Be Real,1
Car Wash,1
Stomp!,1
Stomp! (Re-recorded !FSL Remastered),1
Let It Whip - Extended 7` Single Version,1
So Many Pros,1
Run Away,2
Omen - Radio Edit,1
Automatic,2
Say Sumthin,1
As Crazy as It Is (feat!PRD A-Trak & Keznamdi),1
Do It,1
Somthing`s Missing,1
Runnin`,1
The Right Time (Jean Tonique Remix),1
Lost Lover,1
R U Ready,1
Firefly,1
Tenderly,1
Hold Up!CMA Wait a Minute,1
Watch the Dance (M+M 80s Classic Mix),1
Watch The Dance,1
My Love - Oliver Nelson Remix,1
My Love (feat!PRD Jess Glynne),1
Tell You Why,1
Ocean Drive,2
I Got U,2
The Giver,1
Won`t Look Back,1
Imagination,1
Real,1
No Filter,1
Make It Mine,1
Am I Wrong,1
TOGETHER,1
ONE TOO MANY,1
YOU`RE THE ONE,1
They Don`t Want Music,1
WHateva U Want,1
Last Kiss,1
Not Nice,2
Dang! (feat!PRD Anderson !PRDPaak),1
The Less I Know The Better,1
I Know There`s Gonna Be (Good Times) [feat!PRD Popcaan],1
Drive,4
waves - Tame Impala Remix,1
Fiona Coyne,1
Feel Like I Do,1
Future Pt 2,1
Plans (feat!PRD Brandyn Burnette),1
We Can (feat!PRD Tory Lanez),1
What We`ve Become,1
Perfect Form,1
Perm,2
I`m In Control,1
Anywhere,1
Doubt (Summer Edit),1
Something About You,2
Overcome - MXXWLL Remix,1
1 Night (feat!PRD Charli XCX),1
Meditation,1
Roll Call,1
Fux with the Tux,1
2nd Time Around,1
Take a Picture,1
Rotational,1
Back In Town,1
Be The One,1
Ain`t A Thing (feat!PRD Kaleem Taylor),1
Telling The Truth,1
Special,1
Deep Inside,1
Light It Up (feat!PRD Nyla & Fuse ODG) - Remix,1
OLLA (Only Lovers Left Alive),1
disco tits,1
Hamm Jazz,1
Kurta Kente,1
Strobelite (feat!PRD Peven Everett) - Kaytranada Remix,1
Used To,1
What Lovers Do (feat!PRD SZA),3
Confidence,1
Final Song,1
This Girl (Kungs Vs!PRD Cookin` On 3 Burners) - Kungs Vs!PRD Cookin` On 3 Burners,1
Gold,3
Work from Home,1
Tumblr Girls,1
All Night Longer,2
L!PRDA!PRD Story,1
Warriors,1
Polaroid,2
Bleeding Out,2
Young And Beautiful,2
Work This Body,2
Anna Sun,2
Up 2 U,1
Spend Your $$$,1
Next In Line,1
Jenny,1
Iscariot,1
I Can Lift a Car,1
Oxford Comma,2
Unbelievers,2
A-Punk,4
Step,3
Diane Young,3
HandClap,2
The Walker,1
Out Of My League,2
Fools Gold,1
Dear Mr!PRD President,1
Take Me Out,2
Heathens,2
Gasoline,3
All Of Me,1
Die For Alabama,1
Praise You - Radio Edit,1
Bring Back the Summer (feat!PRD OLY),1
We Don`t Talk Anymore (feat!PRD Selena Gomez),1
Please Don`t Go,2
Into You,2
i hate u!CMA i love u (feat!PRD olivia o`brien),1
The Ocean,1
Hymn For The Weekend - Seeb Remix,1
Wherever I Go,1
in my miNd,1
Once In a While,1
Toothbrush,1
New Soul,1
Someone New,1
The Bomb,2
Not Above Love,1
Jason`s Song (Gave It Away),1
Bills,2
Back 2 U,1
Left Hand Free,2
Your Soul,1
MAD AT YOU,1
Lovesick,1
Happy Pills,1
Runaway (U & I) - LBCK Remix,1
Left Hand Free - Lido Remix,2
San Francisco,1
Ride (Jaydon Lewis Remix),1
Don`t Let It Get You Down,1
Back 2 U - Breathe Carolina Remix,1
Samurai,1
Fireproof - Embody Remix,1
We Won`t,1
I`m an Albatraoz,1
Little Swing,1
Grandpa`s Groove,1
Millionaire - Jackal Remix,1
Woman Woman,1
Be As You Are - JordanXL Remix,1
Your Love Could Start a War,1
You Don’t Get Me High Anymore,1
Smile,1
Sleeping With A Friend - Kat Krazy Radio Mix,1
Old Guitar,1
HAPPINESS,1
My Type,2
Sleepyhead,4
Little Secrets,2
Red Lights,1
Somebody`s Gonna Get It,1
That`s All I Need,1
Bad Water,1
Say It - Stwo Remix,1
Reflections,4
The Mystic,1
Best I Can Do,1
Fire,1
All We Know,3
Stoic,1
Beachside (feat!PRD Jackson Breit),1
I`m Not Famous,1
Sky High,1
Chase You Down (Radio Edit),1
Fragile,1
How To Love (feat!PRD Sofia Reyes),1
Let Me Hold You (Turn Me On),1
Bonkers,1
Wolves and the Water,1
Forever,2
Find the Love (feat!PRD Borahm Lee),1
Big Spender,1
Machine,1
Naked,2
Something Out of Nothing,1
You and I,2
Chained to the Rhythm,1
Legend,1
I Feel Good,1
All Time Low (Clean),1
Bare Hands,1
Home Remedy (feat!PRD Lee Tyler Williams),1
Gone,2
Says She Loves Me,2
Oh Love,1
Fairlane,1
Roll Up,1
Could Have Been Me,1
Stumblin` through the West,1
Sour Patch Kids,1
Sugar - Lost Kings Remix,1
Borderline - Vanic Remix,1
When It Rains It Poors,2
MVP (Danny Olson Remix),1
I Keep Going,1
Adderall,1
Bull Ride,1
Jeremiah Weed,1
Sedona,2
No Money (Jetski),1
Bad Habits,1
High Society,1
Hey Brother - Syn Cole Remix,1
Collide,2
Magic Mountain - Live,1
I`m Born To Run,1
Devotion,1
Dangerous - Sebu Remix,1
Bored To Death,1
Los Angeles,1
Built This Pool,1
San Diego,1
She`s Out Of Her Mind,1
Left Alone,2
Rabbit Hole,1
California,2
No Future,1
Wait So Long,1
There Will Be Time,2
Lay By Me,1
Fix,1
Walk On Water,1
Wild Horses,1
Jealousy,1
Fire and the Flood,2
Another Night On Mars,1
Best Day Of My Life - Gazzo Remix,1
When I`m Gone,1
On My Level - feat!PRD Too $hort,1
No Sleep,1
Medicated - feat!PRD Chevy Woods & Juicy J,1
Love You Right,1
Where We Should Be,4
Drowzzzy (feat!PRD Pell),4
Tonight,5
Obviously (feat!PRD Cherub and Exmag),1
Fly Like An Eagle,1
Can`t You See (45 Version),1
Walking On A Dream,3
Mind Over Matter,1
Cigarette Daydreams,2
Drop the Game,2
Adventure Of A Lifetime,2
No Problem (feat!PRD Lil Wayne & 2 Chainz),2
A Milli,1
Gonorrhea,1
I Am Not A Human Being,1
Right Above It,1
Bill Gates,1
Blunt Blowin,1
President Carter,1
She Will,1
Mirror,1
`Till I Collapse,1
Sing For The Moment,1
Ass Like That,1
My Name Is,1
Lose Yourself - Soundtrack Version,1
Must Be The Ganja,1
Crack A Bottle,1
Beautiful,1
Cold Wind Blows,1
Not Afraid,1
Cinderella Man,1
Space Bound,1
No Love,1
Love The Way You Lie,1
Martians Vs Goblins,1
Red Nation,1
French Inhale - feat!PRD Mike Posner,1
Wild for the Night,1
L$D,1
Pop Bottles - Main,1
Break The Law,1
Lord Pretty Flacko Jodye 2 (LPFJ2),1
Man Of The Year,1
So High (feat!PRD Ghost Loft),1
Studio,1
A Tale of 2 Citiez,2
100 Grandkids,1
Everyday,1
Yonkers,1
Alright,2
Weekend (feat!PRD Miguel),1
Know Yourself,1
m!PRDA!PRDA!PRDd city,1
Baby Blue (feat!PRD Chance the Rapper),1
Hands On The Wheel,1
Molly (feat!PRD Brendon Urie of Panic at the Disco),1
Young Jesus,1
THat Part,1
Professional Rapper (feat!PRD Snoop Dogg),1
Fire Squad,2
Flexicution,1
Pt!PRD 2,1
Really Really,1
Time For That,1
Rooftops (feat!PRD Curren$y) - feat!PRD Curren$y,1
rockstar,1
2 Phones,2
Blessa,1
Heart It Races - Dr!PRD Dog Version,1
Everything`s A Miracle,1
The Reeling,1
Carried Away,3
What You Know,3
I Can Talk,1
Something Good Can Work,1
Cigarettes In The Theatre,1
Polish Girl,2
Sleepless,1
Purple Yellow Red and Blue - Passion Pit Remix,1
The Future,2
Paralyzed,1
Hellbent (feat!PRD Snowblood),1
Ghost,6
Magic (feat!PRD Nile Rodgers and Brandy),1
Number 1 (feat!PRD Brandy and Nile Rodgers),1
When I`m With You,1
Deadbeat Summer,1
Boomerang,1
Ephemeral Artery,1
Terminally Chill (Yacht Remix),1
Future Sick,1
Good As New,1
Ways To Go,2
Rescue Song - RAC Remix,1
Gooey,2
Dreams,1
You`re the Best - EP Version,2
While I`m Alive,2
Sazed,1
Atlantis,1
The Wild Life,2
Paradise Waiting,1
Gangs in the Garden,1
Gooey - Gilligan Moss Remix,1
Pools - Roosevelt Remix !FSL Bonus Track,1
Black Mambo - Zodiac Remix,1
Get Gone,1
Instant Crush,1
Doin` it Right,1
Suit & Tie,1
I Think I`m Evil,1
Isea,1
Local Joke,1
High You Are,2
Bridges,2
Einmal In Der Woche Schreien,1
Anything New,1
Partition,1
Run the World (Girls),1
Countdown,1
Upgrade U,1
Something About Us,2
Cape Cod Kwassa Kwassa,1
M79,1
Horchata,1
Diplomat’s Son,1
Retrograde,2
The Mother We Share,2
Pools - Kwes!PRD Rework,1
Pay No Mind,1
Lady (Hear Me Tonight),1
Dance Yrself Clean,1
How Long Must I Wait,1
Lonesome,1
Real Life,1
Malmo,1
Lifted Up (1985),1
Where the Sky Hangs,1
Budapest,1
In !FSL Out - William Carl Jr Remix,1
#88,1
Kisser (Rii Remix),1
Hot Blur,1
Do It For Me,1
Waste,1
I Met You,1
Rocket,1
Love On Top,1
Lay Me Down,2
!AST!AST!ASTFlawless,1
So!PRD Good!PRD,1
Wasted Love,1
Kanye - Louis The Child Remix,1
Shiner (feat!PRD Ginger and the Ghost),1
Dreamers,2
Halo,2
Annie,1
Diva,1
Drunk in Love,1
Believe,3
Make Me Like You,1
Navigator,1
Valerie - Live At BBC Radio 1 Live Lounge!CMA London !FSL 2007,1
Say It Ain`t So,1
Million Reasons,2
Sorry,1
Love Yourself,1
Ego,1
24K Magic,2
We Belong Together,1
Feeling Whitney,1
Body Like A Back Road,2
What It`s Like,1
Not Over You,1
I Don`t Want to Be,1
She Sets The City On Fire,1
Chariot,1
Soldier,1
Moving On and Getting Over,1
Your Body Is a Wonderland,1
Free Fallin` - Live at the Nokia Theatre,1
XO,2
Freaky Me!CMA Freaky You,6
Creep,1
Ms!PRD Jackson,2
I`ll Be,2
Boston,1
Sweet Disposition,2
Buttons,1
Santeria,1
Hallelujah (feat!PRD Choir! Choir! Choir!),1
Hallelujah,1
The Mess I Made,1
Beautiful Thing,1
I Don`t Know My Name,1
Clay,1
Light The Sky,1
Gossip Girl,1
3 am - Remastered Version,1
The Woman I Love,1
Push,1
How Far We`ve Come,1
If You`re Gone,1
Unwell - Remastered Version,1
100 Years,1
Somebody Told Me,2
When You Were Young,2
All These Things That I`ve Done,1
Mr!PRD Brightside,2
The Cave,1
Shape of You,1
Galway Girl,1
Castle on the Hill,2
Shirtsleeves,1
Thinking Out Loud,1
Runaway,3
Tenerife Sea,1
Photograph,1
One,1
Supersoaker,2
Waste A Moment,1
Reverend,1
Around The World,1
Find Me,1
Over,1
Muchacho,1
Conversation Piece,1
Eyes On You,1
Wild,1
WALLS,1
Daughters,1
Old Friends,1
7 Years,1
You Are My Sunshine,1
All of Me,2
Let Her Go,3
Flagpole Sitta,1
Chelsea Dagger,1
If So,1
Are You Gonna Be My Girl,1
Tear In My Heart,1
We Don`t Believe What`s On TV,1
Girls!FSLGirls!FSLBoys,1
My Body,2
Shadow Of The Day,1
The Reason,1
American Idiot,1
21 Guns,1
Warning,1
Welcome to Paradise,1
Poprocks & Coke,1
Death Of A Bachelor,1
Northern Downpour,1
Na Na Na [Na Na Na Na Na Na Na Na Na],1
Wannabe - Radio Edit,1
Fergalicious,1
No You Girls,1
Missed the Boat,1
All The Pretty Girls,1
Reptilia,1
Holding On To You,3
House Of Gold,3
What`s My Age Again!QST,1
Girls & Boys,1
In Too Deep,1
Gives You Hell,1
Move Along,1
Ocean Avenue,1
I`m Just A Kid,1
Teenagers,1
Dear Maria!CMA Count Me In,1
Break Your Little Heart,1
Blackout,2
Shake It,1
Cecilia And The Satellite,3
I Bet You Look Good On The Dancefloor,1
Stacy`s Mom,1
Ass-N-Titties,1
And We Danced (feat!PRD Ziggy Stardust),1
I Write Sins Not Tragedies,1
My First Kiss - feat!PRD Ke$ha,1
Stuttering,1
Animal,3
Levitate,1
Coming Back Down,1
Bang Bang,2
Stuck in Love (feat!PRD Ryan Ross),1
My Demons,1
Steady!CMA As She Goes,1
The Space Between,1
Been Down This Road,1
Farmhouse,1
Crash into Me,1
40 Miles from Denver,1
Ocean Billy,1
Hajimemashite,1
Heavy Things,1
But Anyway,1
Dim Sun,1
Two Step,1
`Round the Wheel,1
Tweezer,1
Push On `Til the Day,1
No Diablo,1
This Must Be the Place (Naive Melody),1
In the Kitchen,1
Mirrors (Live at Red Rocks 2009),1
Girl!CMA I Wanna Lay You Down - International Version,1
25 or 6 to 4,1
Satellite,1
#41,1
Must`ve Had Your Reasons,1
Livingston STorm,1
Send Me On My Way,2
Fire On The Mountain,1
Ringo,1
Mighty River,1
Doobie In My Pocket,1
Speed Of Dreams,1
All In Time,1
The Jupiter & the 119,1
Captain America,1
Half Moon Rising,1
Long Way To Go,1
Asphalt Funk,1
End of the Road,1
Jump Off,1
Plunger,1
Eyes Of The World,1
Sweet Oblivious Antidote,1
Thru And Thru,1
Make Up Your Mind,1
Still Sound,1
O!PRDN!PRDE!PRD,1
Aquarium,1
Get Lucky,1
Giorgio by Moroder,1
Joyful Sound,1
Touch,1
One More Time,1
Jamflowman,1
Polar Bear,1
Sure Thing,1
Pussy is Mine,1
Wanderlust,1
Bad (feat!PRD Tiara Thomas),1
LoveHate Thing - feat!PRD Sam Dew,1
She Knows,1
Lay You Down,1
I Want You - Remix - Main,1
I Won`t Tell,1
Makin` Good Love,1
Hey Daddy (Daddy`s Home),1
Bad Girl,1
Nice & Slow,1
All I Want Is You,1
She (feat!PRD Frank Ocean),1
New York,3
P!PRDS!PRD (I`m Still Not Over You),1
There`s A Thug In My Life,1
Poetic Justice,1
Shot For Me,1
Take Care,1
Hold On!CMA We`re Going Home,2
Practice,1
Make Me Proud,1
Marvins Room,1
Hypnotize - 2014 Remastered Version,1
Big Poppa,1
Luv U Better,1
Wetter (Calling You Daddy),1
Candy,1
My Love Is Like!PRD!PRD!PRDWo - Main Mix!FSLAlbum Version,1
Pretty Girl Rock,1
Super Bass,1
High School,1
Va Va Voom,1
MILF,1
Tapout,1
Beauty And A Beat,1
My Chick Bad,1
Swing,1
Always On Time,2
Mesmerize,1
Put It On Me,1
Down A!AST!AST B!AST!ASTch,1
I`m Real - Murder Remix,1
Pink Matter,1
Bullshit (feat!PRD Tyga),1
Hey Boo,1
Hypnotize,1
No Scrubs,1
Who Shot Me,1
Vixen,1
Use Me,1
Baby,2
Pretty Girl`s Lie,1
II!PRD earth!SMI the oldest computer (the last night),1
Dark Horse,1
Marry The P!AST!AST!ASTy,1
TKO - Black Friday Remix,1
Cookie,1
Warning Shot,1
Heisman2 (feat!PRD Tyga),1
Rolling Stones T-Shirt,1
Talk Dirty (feat!PRD 2 Chainz),1
I`m Sprung - German Remix Featuring Kool Savas,1
My Activator,1
Good Kisser,1
Think About It,1
Cry Me a River,1
Get Her Back,1
Marvin`s Room (Remix) Makes It Wetter,1
Off To The Races,1
III!PRD telegraph ave!PRD (`Oakland` by Lloyd),1
Don`t Tell `Em,1
Or Nah (feat!PRD The Weeknd!CMA Wiz Khalifa and DJ Mustard) - Remix,2
Touchin!CMA Lovin (feat!PRD Nicki Minaj),1
I`m Not The Only One,2
Beg For It,1
Goddess,1
0 To 100 !FSL The Catch Up,2
Seduction,1
My Dad`s Gone Crazy,1
Mockingbird,1
Superman,1
Ill Mind of Hopsin 7,1
I Don`t Fuck With You,1
Nigga,1
She Neva Seen,1
My Homeboys Chevy,1
Come Get It Bae,1
It Girl,1
Lifestyle,1
No Type,2
No Flex Zone,1
Hello,3
Lights Please,1
Throw Sum Mo,1
Jungle Lady,1
Bicken Back Being Bool,1
Me & My Bitch,1
My Nigga,1
Who Do You Love!QST,1
Playaz Club,1
Ashley,1
Battle Cry,1
Sing About Me,1
Echelon (It`s My Way),1
A Tribe Called Red,1
Deep Sea Diver,1
Black Synagogue,1
Angels & Airwaves,1
April`s Fool,1
White Lilies !FSL White Lies,1
Planes Fly,1
Dirty Gold,1
Rose-Tinted Suicide,1
Vinyl,1
Crown,1
Don`t Hate,1
All Things Go,1
I Lied,1
The Crying Game,1
Get On Your Knees,1
Blunted,1
Fallin`,1
If I Ain`t Got You,1
Try Sleeping With a Broken Heart,1
Girl On Fire,1
Earned It (Fifty Shades Of Grey),1
Till I Die,1
Jealous - Remix,2
Only,1
I Don`t Mind,1
Good Enough (feat!PRD Jussie Smollett),1
My Garden,1
Sugar,1
Energy,1
Gangsta,1
Star67,1
You & The 6,1
One Man Can Change The World,1
Drop That Kitty (feat!PRD Charli XCX and Tinashe),1
Win Some!CMA Lose Some,1
Juicy Wiggle,1
NSFW,1
Painkiller,1
Numb,1
Candy (Drippin` Like Water) - Final Album Version (Explicit),1
2 On,1
Like That,1
Post To Be (feat!PRD Chris Brown & Jhene Aiko),1
Hypnotized,2
Crazy For You,1
Lies,1
Pretty Girl,1
Stoner Bitch,1
You Don`t Own Me,2
It`s Not My Fault,1
The Glow (feat!PRD Kimbra),1
Gibberish,1
American You,1
I`m Yours,1
Bad Day,1
Let’s Go,3
1901,2
Dreaming,1
Good Ol` Fashion Nightmare,1
Pretty Girls,1
Heart Tells Your Head,1
Hey 17,1
Memories On The Ground,1
I Love Lamp,1
Ohio (Come Back To Texas),1
Shark Attack,1
When They Fight!CMA They Fight,1
Love Will Save Your Soul,1
Too young,1
Mr!PRD Pitiful,2
I Wonder,1
Water Fountain,1
I Wanna Get Better,1
R U Mine!QST,1
I`m With You,1
Molecules - Single Version,2
Sweater Weather,3
Colours,2
October,1
Message Man,1
Scared,1
1980,1
Trampoline,1
Ready For You,1
Take This City,1
Mountain At My Gates - Jono Ma [Jagwar Ma] Mix,1
Absolutely,1
Put `Em Up,1
Rich Kids,1
We Will All Be Changed,1
Share The World,1
Holy,1
You Make Me New,1
Sing Me Your Song,1
Take My Love and Run,1
Top,1
Undercover Martyn,1
Mistakes Like This,1
A Month of Sunshine,1
Marathons,1
What Am I Becoming!QST,1
Do Better,1
Golden (feat!PRD Sia),1
East of Eden,1
A Toast and a Spirit,1
Potion,1
Rich Girls,1
Promiseland - Stint Remix,1
Digadig,1
(Un)Lost,1
Little Ghost,1
Cold,1
Small Talk,1
Light Up,1
Floats My Boat,1
Berlin,1
Dancing On Glass,1
Vice,1
Excited Eyes,1
As Time Goes,1
In Motion,1
Pretty Face,1
Infinite High,1
Roses,4
How I Want Ya,1
Miracle Mile,1
Hide Away,2
My Sweet Summer,2
We are the Hearts,1
Mountain At My Gates,2
Hymnals,1
A Perfect End,1
Transpose,1
Shot At The Night,1
I Feel It,1
Outcast,1
Light Me Up,1
The Sound,2
Amsterdam,1
Shots - Broiler Remix,2
She Ain`t You,1
Houdini,3
Refugees,1
West End Kids,1
Sister Of Pearl,1
Uma,1
T-Shirt Weather,1
Young Chasers,1
Over & Over,1
No Story Time,1
Street Fight,1
Giving Up The Gun,2
Pumpin Blood,3
When You Were Mine (feat!PRD Tegan & Sara),2
Tonight You`re Perfect,1
We`re Gonna Be Alright,1
Scoreboard,1
Spirits,2
By Your Side,2
Colors,3
Hurricane,6
Everything Is Easy,1
Sail Up The Sun,1
Cardiac Arrest - WoodysProduce Remix,1
Coming Attractions,1
Mine,1
Cry Cry Cry,1
Call It in the Air,1
Georgia,1
Synesthesia,1
Feels Like Summer,1
Adhd,1
Sound of Change,1
Soundcheck,1
Hurt Me,1
How You Get The Girl,1
Back Of The Car (feat!PRD Nate Hendricks),1
I Think I Like You,1
Idle Hands,1
All Time Low,1
Wanted It More,1
She`s Casual,1
Midnight City,2
Maybe IDK,1
80`s Films,1
Southern Comforting,1
Crossfire,2
Domino,1
Beggars,1
Tiny Cities,1
Sweet Disaster,1
Critical Mistakes,1
Shooting Shadows,1
Giant,1
SMFWU,1
Beautiful Now,1
Harm`s Way,1
Lightning Tent,1
Hit the Water,1
Wonderland,1
Enlighten Me,1
When We Were Young,1
Cardiac Arrest,3
Letterman,1
Away,1
Love Me Better (feat!PRD Ariel Beesley),2
Limelight (feat!PRD R O Z E S),1
Roman Holiday,3
Caviar Dreams,1
SAVIOUR,1
Reforget,1
Spinning,1
begin again,1
On Hold,2
Ghost - Lost Kings Remix,1
We Are the People,1
Royals,1
One Day !FSL Reckoning Song (Wankelmut Remix) [Radio Edit],1
Take a Walk,1
Go With It - Yung Skeeter Remix,1
Change,1
Heartbeats,2
All In (feat!PRD Gift of Gab!CMA Pigeon John),1
Burn You Down,1
Can`t Get You Out Of My Head,1
Not Fair,1
Girls Like You,1
Slow,1
Electric Feel,2
Weekend Wars,2
Holiday,1
White Sky,1
Cool Song No!PRD 2,1
If the Hudson Overflows,1
Ride To California,1
Get Higher,1
Trinity,1
Rich And Poor,1
Soul,1
What If,1
Everybody,2
Strongest Flame,1
Love Like You,1
Welcome Home!CMA Son,1
The Lightning Strike (What If This Storm Ends!QST),1
Pompeii,1
Free,1
Afraid,2
Come a Little Closer,1
Shake Me Down,1
Float,1
Akbar,1
Take Me To Church,1
Never Wanna Know,1
Habits (Stay High),2
Run on Love (Radio Edit),1
Team,1
Obvious Bicycle,1
The Golden Age,1
Wizard Motor,1
High Tension,1
Changes,2
Aloha Ke Akua,1
7 Feathers,1
Salvation,1
Block After Block,1
Sushi,1
You Always Make Me Smile,1
Teen Lovers,1
Crave You (feat!PRD Giselle),1
West Coast,4
Blood,1
Love This,1
Semi-Automatic,2
Girls Chase Boys,1
Hardest Part,1
Safe With Me,1
Of The Night,2
Sad Machine,1
Generator (First Floor),1
Global Concepts,2
Little Black Submarines - radio edit,2
Go Outside,1
Red Hands,1
Walking With a Ghost,1
Hang Me Up To Dry,1
Whatever You Like - Single Version,1
The High Road,1
Text Me In The Morning,1
The Girl,1
Cold December,1
Babylon,1
Hold Back The River,1
Broken,1
Two Fingers,1
Lightning Bolt,1
Simple As This,1
You Made Us Change,2
Nobody`s Empire,1
Babe I`m Yours,2
Weekend,1
Sleepin In,1
The Kids Don`t Stand A Chance,1
Coming Home,1
Satisfy Me,1
Multi-Love,1
Even If I`m Loud It Doesn`t Mean I`m Talking to You,1
Borderline,1
Gimme All Your Love,1
Karate,1
Always,1
Pumpin Blood - Acoustic,1
I Want You Back,1
Mother Mary,1
Pick Me Up,1
Worth Wondering,1
Taxi Cab,2
Ya Hey,1
Mine Is Yours,1
Shake!CMA Shake!CMA Shake,1
The Draw,1
Can You Tell,1
Budding Trees,1
All My Friends,2
Temple,1
No Scrubs (feat!PRD Jon Santana),1
Friends,1
Ain`t Too Cool,1
Wicked Shame,1
Radar,1
Ocean Eyes - Astronomyy Remix,1
Fast Car,2
Wet Dreams,1
Show Me Love (feat!PRD Chance The Rapper!CMA Moses Sumney and Robin Hannibal) - Skrillex Remix,1
2 Heads,1
High Dive,1
Out On the Shield,1
Bit By Bit,1
Way Down We Go,1
United States of Whatever,1
Beggin For Thread - Gryffin & Hotel Garuda Remix,2
2AM,1
S!PRDO!PRDB!PRD,1
Something To Believe In,1
Anyways,1
Alarm,1
If I Were Sorry,1
Lost Boy,2
Call Me In The Afternoon,1
Arizona,1
Teen Idle,1
Arrows (feat!PRD Macklemore & Ryan Lewis),1
Motherfucking Whore,1
L!PRDE!PRDS!PRD Artistes,1
Paper Thin - Live From Studio,1
Fire Escape,1
Errors,1
Lay It On Me,1
In a Black Out,1
Jungle (Radio Edit),1
Tell Me Tell Me,1
Window,1
Straight Jacket,1
Without You,3
Give Me Every Little Thing,1
Back Home,1
Baby I`m Yours (feat!PRD Irfane),1
One Touch,1
Idea Of Happiness - Original,1
Lullabies - Adventure Club Remix,1
The Best Room,1
Snap Out Of It,1
Time to Pretend,1
Dirty Paws,1
Mountain Sound,1
King And Lionheart,1
Helena Beat,2
Intro,1
Lisztomania,1
Escape (The Pina Colada Song),1
Maneater,1
I`m Good,1
Time Bomb,1
Cheerleader - Felix Jaehn Remix Radio Edit,1
Collie Man,1
Sweet Honey,1
Comfort Zone,1
Wiseman,1
Crazy in Love,1
I Dont Wanna Wait,1
I Think I`m In Love,1
Heroes (we could be) - Jai Wolf Remix,1
The Night Is Young (feat!PRD Cherub),1
Caress Me Down,1
Kanye,1
Ignition !FSL Do You!PRD!PRD!PRD (Mashup),1
Lips,1
Say You`ll Be There,1
Ridin Solo - Njomza Remix,1
FourFiveSeconds,1
Dollhouse - Jai Wolf Remix,1
All I Want - Manila Killa Remix,1
Ashtrays and Heartbreaks,1
Burn the Pages,1
New Orleans - Original Mix,1
Dance All Night,1
Riptide - FlicFlac Edit,2
If You Went Away,1
Games,1
Do the Math,4
Where Are Ü Now (with Justin Bieber),2
Stole the Show,1
Five More Hours - Deorro x Chris Brown,1
Peaches N Cream,1
Wake Up,1
Mirror Maru,1
Old Thing Back (feat!PRD Ja Rule and Ralph Tresvant),2
Overload,2
Don`t Wanna Dance,1
Walk This Way,1
Fairytale,1
Afternoon,1
VCR,1
Flicker,1
Divinity,1
Floating,1
Fantasy - Spotify Sessions,1
Fantasy - Xaphoon Jones Late Nite Remix,1
Punga,1
Loud Places,2
Body Gold,1
through the late night,1
Feel Good (feat!PRD Daya),2
Say It - Illenium Remix,1
Phone Down - TELYKast X BKAYE Remix,1
In My Foreign (feat!PRD Ty Dolla $ign!CMA Lil Yachty!CMA Nicky Jam & French Montana),1
Bad and Boujee (feat!PRD Lil Uzi Vert),1
Candyman,1
Bounce Back,1
I Just Wanna!PRD!PRD!PRD,1
Call On Me - Ryan Riback Extended Remix,1
One Reason (Flex) [feat!PRD Eric Bellinger],1
Grass Ain`t Greener,1
Don`t Hurt Me,1
goosebumps,1
Simple Things (Remix),1
Look Alive,1
Fine Ass Mess - Conro Remix,1
Girls Talk Boys - From `Ghostbusters` Original Motion Picture Soundtrack !FSL Stafford Brothers Remix,1
Girls @ (feat!PRD Chance the Rapper),1
Welcome To Your Life - Taylor Wise Remix,1
The Mack,1
Bad Things (with Camila Cabello),1
Inside Out,2
Colors - Audien Remix,1
Make Me Feel,1
Big City Life,1
Kids - Seeb Remix,1
I Still Wait For You,2
Something Just Like This,2
Talk to Me,1
Saved (feat!PRD E-40),1
Ripped Jeans,1
Return Of The Mack - C & J Street Mix,1
Fumes,1
No Diggity,1
Kaleidoscope,1
Cold Light,1
Una Vaina Loca,1
Erbody But Me,1
Water Under the Bridge,1
Promises,1
Choices (Yup),1
Taped Up Heart (feat!PRD Clara Mae),1
Party Monster,2
Pull Up (feat!PRD Kid Ink!CMA Sage the Gemini & Iamsu!),1
Whole Heart - BKAYE Remix,1
Fake Love,1
Wat U Mean (Aye!CMA Aye!CMA Aye),1
Lights Out,1
Sidewalks,2
Queen Elizabeth,1
Backseat Freestyle,1
Came Up - Casper & B!PRD Remix,1
Deadz (feat!PRD 2 Chainz),1
Loyal,1
Dear Me,1
Cross My Mind,1
pick up the phone,1
Cold Shoulder,1
Fractures,1
Wasted Youth (Michael Brun Remix),1
All I Need,1
coordinate,1
My Muse,1
Fade,1
Party,1
Give It To Me,1
Girlfriend,1
Chasing Colors (feat!PRD Noah Cyrus),1
Feel It (feat!PRD Tunji Ige),1
No Frauds,2
Do What Playas Do,1
That’s My Car,1
Where You Are (feat!PRD Wyred),1
Nothings Into Somethings,1
Comin Out Strong,2
Good Drank,1
Moves,1
Sneakin’,1
American Money - Virtu Remix,1
93 `Til Infinity,1
All We Got (feat!PRD Kanye West & Chicago Children`s Choir),1
Mixtape (feat!PRD Young Thug & Lil Yachty),1
Drifters,1
Monstera,1
Pull Up,1
All of Me (feat!PRD Logic!CMA ROZES),1
Same Game,1
Bad Intentions,1
Coming Home (feat!PRD Stephen Marley),2
TG4M,1
Oh Devil,1
Substitute,1
I Love You,1
Break My Heart,1
1998,1
DEVASTATED,1
Million Reasons - Andrelli Remix,1
No Promises (feat!PRD Demi Lovato),2
Privacy,2
Don`t Wake Me Up,1
Yeah 3x,1
Wake Up Alone,2
Young,2
White Noise (R3hab Remix),2
Paper Trail$,1
SUPER PREDATOR (feat!PRD Styles P),1
Fade Away,2
Battle Scars,1
The Way I Are - OIJ Remix,1
LOYALTY!PRD FEAT!PRD RIHANNA!PRD,2
Trap Paris (feat!PRD Quavo & Ty Dolla $ign),1
Bloodstream,2
Honest,1
Last Day Alive,1
Liquor Lyles Cool July,1
Hope For Something,1
Chainsmoking,1
Line Of Sight (feat!PRD WYNNE & Mansionair),1
1995,1
I`m the One,1
Despacito (Featuring Daddy Yankee),1
HUMBLE!PRD,2
My Girl,1
Back To Back,1
BABYLON (feat!PRD Chronixx),1
TEMPTATION,1
Want Her,1
Keep You in Mind - Remix,1
I Wanna Love You,1
Raincoat,2
Despacito - Remix,2
Sorry for Now,1
Mask Off - Remix,2
Crew,1
Swang,1
2U (feat!PRD Justin Bieber),3
To the Max,1
Night Call (feat!PRD Lil Yachty & Migos),1
Look At My Dab,1
Miami,1
Hood Go Crazy,1
Burn,2
Army,3
Antidote,1
Wobble,1
All The Way Up,1
Valet (feat!PRD Fetty Wap and 2 Chainz),1
Low Life,2
Keep It Real,1
679 (feat!PRD Remy Boyz),2
Bitch!CMA Don’t Kill My Vibe,1
The Show Goes On,1
Superstar (feat!PRD Matthew Santos),1
Out Of My Head (feat!PRD Trey Songz) - feat!PRD Trey Songz,1
Collard Greens,1
500 Benz,1
Love Is Only a Feeling,1
Don`t Quit,1
Slide,2
Flexin,1
Do Yoga,1
Shake It Fast,1
You Da Baddest,1
Hop Out,1
Imperfections,1
Reminder - Remix,1
Honest - Tritonal Remix,1
Butterfly Effect,1
Hey MaMaMa - Club Mix,1
Tired,1
Take It All Back - GOLDHOUSE Remix,1
Goodbye,1
Ready To Love You,1
Friends (with BloodPop® & Julia Michaels) - Remix,1
Havana,1
Easy (Switch Screens) [feat!PRD Lorde],1
First Date,1
She Used To Be Mine,1
Oceans (Where Feet My Fail) - Live!FSLAcoustic Version,1
Let It All Go,1
Adam`s Song,1
Boardwalks - Remastered 2015!FSL Bonus Track,1
A Message,1
Run,1
Oceans - Live,1
The Woods,1
Endlessly,1
Between The Bars,1
Broken Brights,1
Young God,2
Revival,1
Joe - Live From Austin City Limits,1
The One That Got Away - Acoustic,1
Shiver,1
You Said You`d Grow Old With Me,1
The Maze,1
You`ll Be Okay - Acoustic,1
Don`t Leave Me,1
Total Zombie,1
Resolution,1
Father,1
Don`t Forget,1
EASE,1
Monday,1
I Know You - From The `Fifty Shades Of Grey` Soundtrack,1
9 Crimes (Live),1
Blank Space,1
Waiting Game,2
Let It Go,2
Trojans,1
Another Love,1
Ribs,1
Cool Blue,1
Latch - Live From Madison Square Garden,1
Latch - Acoustic,1
Stolen Moments,1
The Beach,1
Single,1
Random,1
Thank God For Girls,1
Devil Town,1
First Day Of My Life,1
Eyes Shut,1
Wait,1
Love Is Beginning,1
Overwhelmed,1
We Were Lovers,1
Abc,1
Mess Around,1
Brother!PRD,1
Flume,1
It`s Alright,1
Coffee - Spotify Session,1
You Haunt Me - Amtrac Remix,1
Mango Tree,1
Puzzle Pieces,1
Happy Christmas (War Is Over),1
Nice Try,1
Prey,2
Neopolitan Dreams,1
Evergreen,1
Toes,1
Don`t Let Them See You Cry,1
Howling - Radio Version,1
Sway - Chainsmokers Remix,1
Lucy (Hurt People Hurt People),1
House Party,1
Heads Will Roll - A-Trak Remix Radio Edit,1
something about december,1
Blood Love,1
Clap Your Hands,1
Come Alive,1
Bullet Proof!PRD I Wish I Was,1
Fears,1
Fur Elise,1
Losers,1
Acquainted,1
As You Are,1
Dark Times,1
If I Tremble,1
If It Hurts,1
Colour Me In Gold,1
Better Together,1
Clairvoyant,1
Pieces,1
Air,1
Comes And Goes In Waves - 2013 Remake,1
First Class,1
I Knew This Would Be Love,1
The Thick and the Thin,1
2 Poor Kids,1
Golden,1
Superficial Love,1
90210 (feat!PRD G-Eazy),1
Ain`t Trippin,1
4u,1
Cigarette Daydreams - Live From Guitar Center,1
Hey Angel,1
Drag Me Down,1
Perfect,1
Infinity,1
End of the Day,1
If I Could Fly,1
Long Way Down,2
Never Enough,1
Olivia,1
What a Feeling,2
Love You Goodbye,1
I Want to Write You a Song,1
Temporary Fix,1
Walking in the Wind,1
A!PRDM!PRD,1
Make It Rain,1
Touch and Go,1
English Rose,1
Even My Dad Does Sometimes,1
Numbers,1
Money On My Mind,1
Good Thing,1
Stay With Me,1
Omen - Acoustic,1
How Will I Know,1
Love Is A Losing Game,1
Drowning Shadows,1
Make It To Me,1
Daddy Issues,1
Baby Came Home 2 !FSL Valentines,1
Greetings from Califournia,1
Ferrari,1
Take It Easy,1
New York City,1
Until You Were Gone,1
Waterbed,1
Good Intentions,1
Castle,2
Hold Me Down,2
Coming Down,2
Haunting,2
Control,2
Safe & Sound - from The Hunger Games Soundtrack,1
Eyes Open,1
Rules,1
Thnks fr th Mmrs,1
If I Ain’t Got You - Live From Spotify London!FSL2015,1
This Woman`s Work,1
She Came Home For Christmas,1
Is This Christmas!QST - Radio Edit,1
Crazy In Love - Remix,1
Terrified,1
Summertime Romance,1
Toxic,1
Side To Side,1
Atlantis (feat!PRD Kaiydo),1
Infamous,1
Mad Love!PRD,1
Champagne Kisses,1
Almost Is Never Enough,1
Everything To Me,1
Love Somebody,1
River,1
Hero !FSL Heroine - Acoustic,1
coffee,1
I Get Along Without You Very Well (Except Sometimes) - Vocal,1
Hit `Em Up Style,1
Ice Box,1
Do You Remember,1
Hold On,2
Wish I Knew You,1
Gemini Feed,1
Set Us Free,1
Hope,1
Catch The Wind (From `Departure`),1
Someone To Stay,1
Magic Bullet,1
0% Angel,1
Capsize - Stint Remix,1
Truthfully,1
This Town - Live!CMA 1 Mic 1 Take,1
Penthouse Floor,1
a million other things,1
Straight Up & Down,1
Make Me (Cry),1
Do You Go Up - Original Mix,1
I Wish (My Taylor Swift) - Louis The Child Remix,1
Yiken (Certified),1
Chartreuse,1
Who You Are - Int`l Version,1
Call You,1
Sleep Alone,1
Sing to You,2
Fall for You,1
Feel Alright,1
Face Like Thunder,1
Wildflower,1
Lucy The Tease,1
For Amanda Parker (feat!PRD Contour),1
Angel By The Wings,1
What You Do to Me,1
Oceans - Acoustic,1
00000 Million,1
Zombies,1
Say You Won`t Let Go,1
You Get What You Give,1
Been So Long,1
Darkness and Light,1
Love Me Now,1
Versace On The Floor,2
Calling All My Lovelies,1
Finesse,1
Too Good To Say Goodbye,1
Love To Lay,1
Is There Somebody Who Can Watch You,1
Crew Love,1
cool girl - Recorded at Spotify Studios!CMA NYC !FSL 2016,1
Black Barbies,1
Lovers,1
Unthink You,1
How Could You Babe,1
One Last Dance,1
Vessels,1
STFU,1
Holding,1
Still,1
Jealous,1
Girls Just Want to Have Fun,1
I Know,1
Other Side of The World,1
Frontin` - Recorded at Spotify Studios NYC,1
Symmetry,1
Can’t Let Go!CMA Juno,1
Game Winner,1
Go! (feat!PRD Mai Lan),1
Green,1
Shivers,1
Tell Me (feat!PRD Jevon Doe),1
Give You Away,1
Low Light,1
A Simple Go,1
Turn On The Lights,1
Human Touch - Acoustic Version,1
Keep Dancing,1
Fades Away,1
Equal Powers,1
Silently,1
Goodbyes,1
Rain Check,1
Hannah Hunt,1
ILYSB - STRIPPED,1
Cigarettes & Loneliness,1
Everlasting Arms,1
The Kids Don`t Wanna Come Home - Single Version,1
Her Majesty - Remastered,1
Such Small Scenes,1
Vancouver Aches,1
She`s Always Singing,1
Salad Days,1
I Think Ur A Contra,1
Look At Me - 2010 - Remaster,1
Crazy Now,1
Corduroy Dreams,1
Nosebleed,1
Treat Her Better,1
I’ve Been Waiting For Her,1
Butterfly,1
Watercolour Envy,1
My Old Man,1
This Old Dog,1
Femme,1
5 Flucloxacillin,1
I Broke Up in Amarante,1
Read My Mind,1
Every Man Knows His Plague; And You Are Mine!PRD,1
Only You,1
Forget Me,1
D!PRDR!PRDA!PRDM!PRD Sings Special,1
How Would You Feel (Paean),1
Glamorous Indie Rock & Roll,1
A Dustland Fairytale,1
Across the Sea,1
Heaven Is a Bedroom,1
Only Friend,1
Don’t Just Sit Here and Drink Yourself to Death,1
Love,2
Who Are You,1
`Cause I`m A Man,1
Do You,1
Jungle,2
Lost U,1
Big Bad Wolf,1
Deadwater,2
James Dean,1
Long Train Runnin`,1
The Air That I Breathe - 2008 Remastered Version,1
She Drives Me Crazy,1
Anotherclock,1
Lonely One,1
All Hands On Deck REMIX,1
Ritual Union,1
Twice,1
Dinner,1
Outlines,2
Holding on for Life,1
Open,1
Warm Water,1
Diver,1
World War,1
You`re In Love,1
No Gun,1
White Tiger,1
Mississippi,1
Lights And Camera,1
Go All Night (Let Me Roll) (Prod!PRD Morri$),1
Destroyer,1
Technicolor Dreaming,1
Second Heartbeat,1
Backpack,1
Don’t Wait,1
Hunger And Thirst,1
You`re The One For Me,1
Cool Kids,1
The Way We Touch,2
Hide - Remastered 2015!FSL Bonus Track,1
J`ai claqué la porte,1
Primetime (feat!PRD Miguel),1
R U With Me,1
Operate,1
Head On (Hold On To Your Heart),1
Lost,1
You’re Not The One,1
Now Is Not The Time,1
Don`t Wanna Be Your Girl,1
Everything Is Embarrassing,1
Song For Zula,1
Love Is to Die,1
Try,1
Wildest Moments,1
No One`s Gonna Love You,1
Together,1
All Your Gold,1
Say Something,1
CATCH,1
We Sink,1
Victor,1
Let Me In,1
Lost On The Way Home (feat!PRD Solange),1
Cat Rider,1
Holy Roller,1
Paper Trails,1
Garden`s Heart,1
Beez In The Trap,1
Pills N Potions,1
Days,1
No Rest For The Wicked,1
Never Gonna Change,1
Entanglement,1
From the Wreckage Build a Home,1
Chandelier,2
The Fire (feat!PRD Savoir Adore),1
Another Love - Zwette Edit,1
Temporary View,1
Wildfire,1
Lupin Intrigue,1
Love More Worry Less - Woz Remix,1
Cold Front,1
Go,1
Hey Mami,2
Some Things Never Seem To Fucking Work,1
I`m On Fire,1
Gooey - Kingdom Remix,1
Waves - Robin Schulz Radio Edit,1
Four Walls,2
FUNKNROLL,1
World Restart,1
Pizza Guy,1
Reflections After Jane,1
Lovely Day (Bonus Track),1
Till Sunrise (feat!PRD Mammals),1
We`re All We Need,1
Spark The Fire,1
Call My Name,1
We`re All We Need - Spada Remix,1
Gold Silver Diamond,1
Hideaway,1
Got It,1
Faded - Odesza Remix,1
Want My Love,1
Julep,1
Something In My Heart,1
The Rhythm,1
Why iii Love The Moon!PRD,1
Severing Ties,1
Strange Enough,1
Windows,1
One More,1
Cut Your Teeth - Kygo Remix,1
Higher Love,1
Move Your Body,1
Lovit,1
Closure,1
Station (2014),1
Don`t Wanna Fight,1
Is There Somewhere,2
Bruises,1
Holding On,1
Yes I`m Changing,1
Leave A Trace,1
Arrow,1
Good Intentions (DallasK Remix),1
Come Undone,1
Tell Me,1
Jaguar,1
Ease My Mind (feat!PRD Niki and the Dove) - Jai Wolf Remix,1
Let You Go - Radio Edit,1
Shotgun - Original Mix,1
Shelter,1
Hunger Of The Pine,1
Tessellate,1
Fitzpleasure,1
Night by Night,1
I`m Not Contagious,1
Pop It in 2,1
Clearest Blue,1
High Enough To Carry You Over,1
One Time,1
Warm Blood,1
Give It To The Moment,1
Show Me Love - EDX Remix !FSL Radio Edit,1
Mind (feat!PRD Kai),1
Crush On You,1
Perspective,1
How Deep Is Your Love,1
The Nile,1
Don’t Wait - Kingdom Remix,1
Fuel To The Fire,1
You Know You Like It,1
Speakerbox (feat!PRD Lafa Taylor),1
Red Lips (feat!PRD Sam Bruno) - Skrillex Remix,1
Underdressed,1
Never Forget You,2
Working For It - Bonus Track,1
The Other,1
Come First,1
Drinkee,1
Summer Heat - Radio Mix,1
Venice Venture,1
I Want You,2
I Don`t Think So,1
Feel Something (feat!PRD Kayla Diamond),1
Best to You,1
Say Something Loving,1
Dangerous,1
I Dare You,1
Moonwalk Away,1
Honey,1
anemone,1
You Don`t Know About Me,1
American Eyes,1
Simple,2
What I Want,2
Dear Body,2
You!CMA Me!CMA and Jodeci,2
La Casa del Obispo,2
Roxxy,2
Lynndenberries,2
All,2
Don`t Forget Me,2
Empty Gold,1
Trouble - Stripped,1
Colors pt!PRD II,1
Strange Love,1
I Walk The Line,1
Intro (Difference),1
Let Em` Know,1
Exchange,1
For However Long,1
Don`t,1
Open Interlude,1
Ten Nine Fourteen,1
The Sequence,1
Rambo,1
502 Come Up,1
Sorry Not Sorry,2
Been That Way,1
Overtime,1
Right My Wrongs,1
One Time (feat!PRD Bryson Tiller),1
Priorities,1
Change Up,1
Cruel World,1
Ultraviolence,1
Shades Of Cool,1
Brooklyn Baby,1
Sad Girl,1
Pretty When You Cry,1
Money Power Glory,1
Fucked My Way Up To The Top,1
Old Money,1
The Other Woman,1
Black Beauty,1
Guns And Roses,1
Dollhouse,2
Carousel,2
Dead To Me,1
Bittersweet Tragedy,1
Cry Baby,1
Sippy Cup,1
Alphabet Boy,1
Soap,1
Training Wheels,1
Pity Party,1
Tag!CMA you`re it,1
Milk and Cookies,1
Pacify Her,1
Mrs!PRD Potato Head,1
Mad Hatter,1
Play Date,1
Teddy Bear,1
Cake,1
Rock The Party,1
Infected,1
Feel The Volume,1
Alcoholics,1
I Doubt It (feat!PRD Blackbear & Skizzy Mars),1
Sexual,1
7am,1
Like This,1
Remember Me!QST,1
Family (Blended Babies Remix) [feat!PRD Chance the Rapper & Vic Mensa],1
Wyclef Jean,1
Homecoming,1
You Was Right,1
Brightside,1
Seven Million (feat!PRD Future),1
Full Circle,1
F!PRDF!PRDF!PRD (feat!PRD G-Eazy),1
Cold (feat!PRD Future),1
Small Doses,1
Diet Mountain Dew,1
Chained To The Rhythm,1
Oceans Away - Sam Feldt Remix,1
Scared to Be Lonely,1
Bigger Than Me,1
Runaways,1
Rolex,1
Solo Dance,1
Phone Died,1
Another Night,1
With You (Hazey Eyes Remix) [feat!PRD Quinn XCII],1
Get What You Came For,1
Trouble,1
Dark Side - NOTD Remix,1
Children Of A Miracle,1
Swimming Pools,1
Guys My Age,1
Still Got Time,1
Work The Middle,1
Blem,1
Make Time,1
After All,1
I Miss You,1
Heatstroke,1
Down For Me,1
It Won`t Kill Ya,1
What You Need,1
Now Or Never,1
Candy Paint,1
Electric Touch,1
Run Up (feat!PRD PARTYNEXTDOOR & Nicki Minaj),1
Sex & Super Smash Bros!PRD,1
Young Dumb & Broke,1
We Fcuk,1
Something From Nothing,1
There`s Nothing Holdin` Me Back,1
Lost In Your Light (feat!PRD Miguel),1
The Cure,1
Emily,1
Body to Body,1
That`s What I Like - PARTYNEXTDOOR Remix,1
Matches - Max Styler Remix,1
3AM,1
Let Me Love You - R3hab Remix,1
Somethin Tells Me,1
Stay Together,1
Kiwi,1
Kings of Summer - Single Version,1
I Was Wrong,1
Hallucinating,1
Coachella,1
Weed & Memories,1
Say You Want Me,1
Patty Cake,1
Forever Young,1
Remember I Told You,1
There for You,1
Stay With You,1
Heebiejeebies - Bonus,1
Call Me,1
Swish Swish,1
Tie Me Down (feat!PRD Ray J) - Explicit Album Version,1
Strangers,1
Out of Love,1
LOVE!PRD FEAT!PRD ZACARI!PRD,1
Slow Hands,1
Wild Thoughts,1
Wild Horses - Sam Feldt Remix,1
Higher,1
Cigarettes & Cush (feat!PRD Kehlani & Lily Allen),1
Sweet Creature,1
May I Have This Dance (Remix) [feat!PRD Chance the Rapper],1
Strip That Down,1
The Way I Are (Dance With Somebody) [feat!PRD Lil Wayne],1
Skrt On Me,1
PIE,1
Praying,1
Anything U Want (feat!PRD Wiz Khalifa!CMA Jeremih & Ty Dolla $ign),1
Get Low (with Liam Payne),1
Plot Twist,1
See You Again,1
idontwannabeyouanymore,1
Woman,1
Higher Ground (feat!PRD Naomi Wild),1
Vicodin,1
No Sense,1
Forgetting All About You feat!PRD Blackbear,1
Hymn,1
Rainbow,1
The Lost Boy (feat!PRD Skizzy Mars),1
The Way Life Goes (feat!PRD Oh Wonder),1
Would You Ever,1
!PRD!PRD!PRDReady For It!QST,1
Girls On Boys,1
Stay Young,1
Staying Up,1
Always Been You,1
Either Way - Maleek Berry Remix,1
One Hit Wonder,1
Almost Famous,1
Too Good At Goodbyes,1
Lessons Learned,1
Au Revoir,1
Beautiful War,1
Wait for Me,1
Comeback Story,1
The End,1
Radioactive,1
Pyro,1
Mary,1
The Face,1
The Immortals,1
Back Down South,1
Beach Side,1
Pony Up,1
Birthday,1
Mi Amigo,1
Pickup Truck,1
Crawl,1
Sex on Fire,1
Use Somebody,1
Manhattan,1
Revelry,1
17,1
Notion,1
Be Somebody,1
Cold Desert,1
On the Chin,1
Knocked Up,1
Fans,1
True Love,1
Don`t Tell Your Parents,1
Summertime Sadness [Lana Del Rey vs!PRD Cedric Gervais] - Cedric Gervais Remix,1
Bad Blood,1
Hold My Hand,1
Our Last Days,1
Ode To Sleep,1
Migraine,1
Car Radio,1
Screen,1
The Run And Go,1
Fake You Out,1
Guns For Hands,1
Trees,1
Truce,1
Implicit Demand For Proof,1
Fall Away,1
The Pantaloon,1
Addict With A Pen,1
Friend!CMA Please,1
March To The Sea,1
Johnny Boy,1
Oh Ms Believer,1
Air Catcher,1
Trapdoor,1
A Car!CMA A Torch!CMA A Death,1
Before You Start Your Day,1
Isle Of Flightless Birds,1
Kings,1
Angels,1
Sunset,1
Rude,1
Induction Speech,1
Contact,1
Who Gon Stop Me,1
Black Skinhead,1
Shut Up and Dance,1
Swimming Pools (Drank),1
How We Do (Party) - Live from Spotify NYC,1
Bad Habit,1
Naive,1
Laura Palmer - RAC Mix,1
Lonely Boy,1
The Wire,1
She Looks So Perfect,1
Blood On The Leaves,1
#icanteven,1
