Aries,< Friends
Famous,1
Bank Account,1
Close My Eyes,1
Bad Business,1
Baby Girl,1
Thug Life,1
FaceTime,1
Nothin New,1
Numb,1
Dead People,1
Money Convo,1
Special,1
Whole Lot,1
7 Min Freestyle,1
No Complaints,1
XO TOUR Llif3,1
wokeuplikethis!AST,1
Mask Off,1
I Get The Bag (feat!PRD Migos),1
X,1
Swang,1
D Rose,1
Flex Like Ouu,1
Up,1
The Race,1
T-Shirt,1
Myself,1
Gucci Gang,1
Rake It Up,1
New Choppa,1
Trap Paris (feat!PRD Quavo & Ty Dolla $ign),1
Too Much Sauce,1
Rich Forever Way Outro,1
Met Gala (feat!PRD Offset),1
Relationship (feat!PRD Future),1
Fuck Love (feat!PRD Trippie Redd),1
Liife,1
Sway (feat!PRD Quavo & Lil Yachty),1
Ball Player (feat!PRD Quavo),1
Its Every Night Sis,1
God Church,1
Digital Dash,1
Plastic Bag,1
Change Locations,1
Jersey,1
Diamonds Dancing,1
Scholarships,1
Flex (Ooh!CMA Ooh!CMA Ooh),1
Flossin,1
Drive Fast!CMA Live Young,1
Careless World,1
Love Game,1
90210,1
rockstar,1
THat Part,1
X Men,1
Forever Young,1
Say My Name,1
Call Me,1
Rich,1
You Know,1
Bel Air,1
