Chrome Sparks,My <3
Teen Pregnancy,1
Dreamcast,1
Genesis,1
Daydream,2
I Wanna Get High With You,1
This Will Pass,1
Lofticries,1
New York 93,1
Lost Dreams,1
Take It Back,1
Silicon Tare,1
Please Keep Talking,1
Going Deaf,1
See!CMA Know,1
Risen,1
Animals,1
You,1
Stay Closer,1
DDD,1
^tre,1
Horizon,1
Lady,1
Shuffle A Dream,1
Mona - Original Mix,1
CCCXXV,1
Jungelknugen - Four Tet Remix,1
Mirror Maru,1
Wake,2
Wake - Edit,1
#1,1
Stay Ugly,1
Holographic Landscape,1
Force,1
Doubt!CMA No,2
All There Is (feat!PRD Steffaloo),3
Soul & !LNG3,1
Miss You (feat!PRD Steffaloo),1
Show You My Way,1
This Revenge Is Calm,1
The Meaning Of Love,1
Star Step,1
Enter The Chrome Forest,1
Lost In The Chrome Forest,1
ZzzzzZ,1
Goddess,1
Your Planet,2
Marijuana,3
Cosmic Claps Of Love,2
Send The Pain On,3
Gates To Heaven,2
Luna Luxor,2
Untrust Us,2
Alice Practice,2
Crimewave,2
Magic Spells,2
xxzxcuzx me,2
Air War,2
Courtship Dating,2
Good Time,2
1991,2
Vanished,2
Knights,2
Love And Caring,2
Through the Hosiery,2
Reckless,2
Black Panther,2
Tell Me What To Swallow,2
Air War - David Wolf Remix,1
Fainting Spells,1
Char,1
I Don`t Care About Death Because I Smoke,1
TBH,1
Meet In The Middle,1
Tulips,1
Best to You,1
Lottery,1
Agorinha,1
Drinkee,1
The Day Nothing Happened,1
The Gargon,1
Simple Lessons,1
UV3,1
Planned Attack,1
Down the Line (It Takes a Number),1
The Plug,1
Don`t Mind Me (feat!PRD Whoarei),1
River,1
My Room Is White (Flying Lotus Remix),1
99 Luftballons,1
Lovely You,1
Your Motion Says,1
808 PM At The Beach - Original Mix,1
Jitters - Geotic Mix,1
Brush,1
Spirit,1
Adrift,2
Divine Moments of Truth - 2017 Remaster,2
The Spice,1
Pure,1
Bodhi Mandala - (Drumspyder Remix),1
My Time Machine,1
Underlight,1
Shine Bright,1
Floating,1
Autumn Leaves,1
Boardwalk,1
Xtal,1
Ageispolis,1
Wildcat,1
Valet Park!CMA CA,1
Drug Run,1
HymnalAYA,1
Someday,1
Dusk to Dawn (Erothyme Remix),1
Uhuru,1
Edge,1
Triptych Pt!PRD 2,1
Tomorrow Comes Today,1
Ghostwriter,1
People,1
Hongkongaton,1
That Very Thought,1
Also Available,1
Accordion,1
Wanna Get,1
Planet Claire,1
Lava,1
Express,1
You Know!CMA You Know,1
Hallo (feat!PRD Tout Puissant Mukalo and Nelly Liyemge),1
Prospect Hummer,1
Sunshine,1
Down To Earth,2
Funkytown - Single Version,1
Stay,1
Over It,1
Nothing Is Something Worth Doing,1
Brain in a Fish Tank,1
How the Jellyfish Jumped Up the Mountain,1
Juggling Molecules,1
Dorset Perception,1
Levitation Nation,1
The Aquatic Garden of Extra-Celestial Delights,1
Electroplasm,1
Further Adventures in Shpongleland,1
Paper Trails,1
Golden Arrow,1
Heart,1
The Only Shrine I`ve Seen,1
Sitra,1
Freak!CMA Go Home,1
Metatron,1
Greek Light,1
A1,1
A2,1
Ready For The World,1
& It Was U,1
Cold Nites,1
On Your Side - Radio Version,1
On Your Side - Full Version,1
When I Was In Trouble,1
Running Back,1
Say My Name Or Say Whatever,1
World I Need You!CMA Won`t Be Without You (Proem),1
Struggle,1
Thor`s Stone,1
Mi Mujer,1
Space Is Only Noise If You Can See,1
El Bandido,1
Colomb,1
WOUH,1
Keep Me There,1
Too Many Kids Finding Rain In the Dust,1
Sunflower,1
Variations,1
Problem With the Sun,1
Places,1
Rained the Whole Time (Nicolas Jaar Remix),1
The Way U Do,1
Anywhere But Here,1
Big Feelings,1
Just Us,1
Seriously,1
Parties,1
It Was Whatever,1
Sink,1
A Walk,1
Awake,1
Montana,1
Hours,1
Coastal Brake,1
Dive,1
Melanine,1
Epigram,1
Cool Party,1
Creeper Shit,1
Suicide Mission (feat!PRD Baths),1
Shlava (feat!PRD Shlohmo & JonWayne),1
Olympia 2011,1
TV Dream (feat!PRD Clive Tanaka),1
Cider,1
After Hours,1
Jasper`s Song I,1
Weekend in the Tropics,1
Boring Angel,1
Americans,1
Zebra,1
Chrome Country,1
He She,1
Inside World,1
Ouroboros,1
Along,1
Problem Areas,1
Still Life,1
lo,1
Sinope,1
Atlas,1
Nix,1
Ymir,1
Moon,1
Dysnomia,1
Ijiraq,1
Algol,1
Fields,1
Red Lights,1
Lovely Allen,1
Stay Lit,1
Latin America,1
Tone Bank Jungle,1
SHT MTN,1
Silva & Grimes,1
1MD,1
Stilettos,1
Frenchy’s,1
4D,1
MTI,1
Never,1
Lost in Tokyo - Original Mix,1
Sun,1
Ivana,1
Last Remnants,1
Lost in Tokyo - Jacques Greene Remix,1
Nosun,1
Octopus - Koreless Remix,1
Still Sleeping (feat!PRD Steffaloo),1
Find Your Cloud,1
We Are Water,1
All I Knew,1
Hippie Babysitter,1
The Sum,1
You and Yourself,1
Cue,1
Direction Song,1
The Lack of Everything,1
Method of Control,1
Zodiac Shit,1
Do The Astral Plane,1
Stonecutters,1
Massage Situation,1
Camel,1
!PRD!PRD!PRDAnd The World Laughs With You ft!PRD Thom Yorke,1
MmmHmm ft!PRDThundercat,1
Breathe Something !FSL Stellar Star,1
1983,1
Brainfeeder,1
Aquarium,1
Fog,1
Quest,1
Try (feat!PRD Toro y Moi),1
Coat of Arms,1
1685!FSLBach,1
IOIO,1
Light#1,1
Eclipse!FSLBlue (feat!PRD Kazu Makino),1
2222,1
Dream,1
Beware The Dog - Autograf Remix,1
Long Time Coming,1
Those Days,1
Falling Short,1
Dont Play Me - Original Mix,1
Swimming Stone,1
Easy,1
Flickers,1
Time Will Wait,1
Don`t Wanna Be Your Girl,1
Everything We Touch - Noah Breakfast Remix,1
Sleep Sound,1
Poison,1
The Wheel,1
I Waited for You,1
Liquid Summer,1
Vibe Vendetta,1
Swingin` Party,1
Fantasy - Felix Jaehn Remix,1
Show Me,1
Away From Me,1
We Can`t Be Friends,1
Outer Space,1
Take Flight - Original Mix,1
Grey Skies,1
Sesame Street,1
Cocaine Model,1
Thru,1
Need Someone,1
Is It A Syn!QST,1
Close,1
Vanille fraise,1
Sunday Morning,1
DGAF (feat!PRD Shiloh Dynasty),1
Ice Cream,1
California,1
Human Music,1
Time Piece,1
Oh Devil - Different Sleep Remix,1
Dylan Rieder,1
Psilocybin (Love In Full Effect),1
Anaconda,1
Go,1
Mansard Roof,1
Oxford Comma,1
A-Punk,1
Cape Cod Kwassa Kwassa,1
M79,1
Campus,1
Bryn,1
One (Blake`s Got A New Face),1
I Stand Corrected,1
Walcott,1
The Kids Don`t Stand A Chance,1
Coffee,1
Play It Right,1
Come Down,1
Uncatena,1
H!PRDS!PRDK!PRDT!PRD,1
Dress,1
Could I Be,1
Dreamy Bruises,1
Last Night At The Jetty,1
Comfy in Nautica,1
Slow Motion,1
Tomboy,1
Afterburner,1
Black Widow,1
Fancy,1
Work,1
Super Bass,1
Pills N Potions,1
Team,1
Tennis Court,1
Glory And Gore,1
The Love Club,1
I Think Ur A Contra,1
First Day Of My Life,1
Clairaudients (Kill Or Be Killed),1
Four Winds,1
If The Brakeman Turns My Way,1
Hot Knives,1
Make A Plan To Love Me,1
Soul Singer In A Session Band,1
Classic Cars,1
Middleman,1
Cleanse Song,1
No One Would Riot For Less,1
Coat Check Dream Song,1
I Must Belong Somewhere,1
Lime Tree,1
Firewall,1
Shell Games,1
Jejune Stars,1
Approximate Sunlight,1
Haile Selassie,1
A Machine Spiritual (in the People`s Key),1
Triple Spiral,1
Beginner`s Mind,1
Ladder Song,1
One For You!CMA One For Me,1
At The Bottom Of Everything,1
We Are Nowhere And It`s Now,1
Old Soul Song (For The New World Order),1
Lua,1
Train Under Water,1
Another Travelin` Song,1
Land Locked Blues,1
Poison Oak,1
Road To Joy,1
Step,1
Obvious Bicycle,1
Unbelievers,1
Diane Young,1
Don`t Lie,1
Hannah Hunt,1
Everlasting Arms,1
Finger Back,1
Worship You,1
Ya Hey,1
Hudson,1
Young Lion,1
Horchata,1
White Sky,1
Holiday,1
California English,1
Taxi Cab,1
Run,1
Cousins,1
Giving Up The Gun,1
Diplomat’s Son,1
Helena (So Long & Goodnight),1
Give `Em Hell!CMA Kid,1
To The End,1
You Know What They Do To Guys Like Us In Prison,1
I`m Not Okay (I Promise),1
The Ghost Of You,1
The Jetset Life Is Gonna Kill You,1
Interlude,1
Thank You For The Venom,1
Hang `Em High,1
It`s Not A Fashion Statement It`s A Deathwish,1
Cemetery Drive,1
I Never Told You What I Do For A Living,1
Our Lawyer Made Us Change The Name Of This Song So We Wouldn`t Get Sued,1
Of All The Gin Joints In All The World,1
Dance!CMA Dance,1
Sugar!CMA We`re Goin Down,1
Nobody Puts Baby In The Corner,1
I`ve Got A Dark Alley And A Bad Idea That Says You Should Shut Your Mouth (Summer Song),1
7 Minutes In Heaven (Atavan Halen),1
Sophomore Slump Or Comeback Of The Year,1
Champagne For My Real Friends!CMA Real Pain For My Sham Friends,1
I Slept With Someone In Fall Out Boy And All I Got Was This Stupid Song Written About Me,1
A Little Less Sixteen Candles!CMA A Little More `Touch Me`,1
Get Busy Living Or Get Busy Dying (Do Your Part To Save The Scene And Stop Going To Shows),1
XO,1
Jenny Was A Friend Of Mine,1
Mr!PRD Brightside,1
Smile Like You Mean It,1
Somebody Told Me,1
All These Things That I`ve Done,1
Andy!CMA You`re A Star,1
On Top,1
Change Your Mind,1
Believe Me Natalie,1
Midnight Show,1
Everything Will Be Alright,1
Boyfriend,1
Crazy For You,1
The End,1
Goodbye,1
Summer Mood,1
Our Deal,1
I Want To,1
When The Sun Don`t Shine,1
Bratty B,1
Honey,1
Happy,1
Each And Everyday,1
When I`m With You,1
Gooey,1
Never Meant,1
Born To Die,1
Off To The Races,1
Blue Jeans,1
Video Games,1
Diet Mountain Dew,1
National Anthem,1
Dark Paradise,1
Radio,1
Carmen,1
Million Dollar Man,1
Summertime Sadness,1
This Is What Makes Us Girls,1
Born To Die - Woodkid & The Shoes Remix,1
Ride,1
American,1
Cola,1
Body Electric,1
Blue Velvet,1
Gods & Monsters,1
Yayo,1
Bel Air,1
Everybody Wants To Rule The World - From “The Hunger Games!SMI Catching Fire” !FSL Soundtrack,1
Roman`s Revenge,1
Stupid Hoe,1
Starships,1
Cool,1
What You Waiting For!QST,1
Rich Girl,1
Hollaback Girl,1
Bubble Pop Electric,1
Luxurious,1
Harajuku Girls,1
Crash,1
The Real Thing,1
Serious,1
Danger Zone,1
Long Way To Go,1
